"feature","shap_importance","dataset","seed"
"ENSBTAG00000014583.ENSBTAG00000011515",0.0405495843710891,"vivo",64
"ENSBTAG00000025644.ENSBTAG00000011515",0.0368083233435359,"vivo",64
"ENSBTAG00000017745.ENSBTAG00000015361",0.0478450230117574,"vivo",64
"ENSBTAG00000014906.ENSBTAG00000011515",0.0320119531440552,"vivo",64
"ENSBTAG00000010452.ENSBTAG00000011515",0.044443852414421,"vivo",64
"ENSBTAG00000010562.ENSBTAG00000011515",0.0417961813325321,"vivo",64
"ENSBTAG00000014737.ENSBTAG00000037649",0.0385553216290348,"vivo",64
"ENSBTAG00000015089.ENSBTAG00000023144",0.0087174420595928,"vivo",64
"ENSBTAG00000001941.ENSBTAG00000023144",0.00930669090866995,"vivo",64
"ENSBTAG00000001492.ENSBTAG00000007213",0.000693189706306234,"vivo",64
"ENSBTAG00000001292.ENSBTAG00000032007",0.00161762227531046,"vivo",64
"ENSBTAG00000034077.ENSBTAG00000003848",0.00106560632233253,"vivo",64
"ENSBTAG00000017246.ENSBTAG00000010444",0.00484581152433458,"vivo",64
"ENSBTAG00000003329.ENSBTAG00000002081",0.0632480340173804,"vivo",64
"ENSBTAG00000012519.ENSBTAG00000031753",0.0758707497121634,"vivo",64
"ENSBTAG00000034077.ENSBTAG00000017846",0.00150745028776944,"vivo",64
"ENSBTAG00000026236.ENSBTAG00000019929",0.0204284104154199,"vivo",64
"ENSBTAG00000021105.ENSBTAG00000014031",0.0859899683035097,"vivo",64
"ENSBTAG00000014465.ENSBTAG00000019929",0.000223609039991843,"vivo",64
"ENSBTAG00000005077.ENSBTAG00000015910",0.00272054687800682,"vivo",64
"ENSBTAG00000008300.ENSBTAG00000008165",0,"vitro",64
"ENSBTAG00000004148.ENSBTAG00000003255",0,"vitro",64
"ENSBTAG00000013103.ENSBTAG00000010682",0.162365,"vitro",64
"ENSBTAG00000021466.ENSBTAG00000010682",0.1594,"vitro",64
"ENSBTAG00000000575.ENSBTAG00000015296",0,"vitro",64
"ENSBTAG00000021945.ENSBTAG00000011741",0.0020275,"vitro",64
"ENSBTAG00000005947.ENSBTAG00000015910",0,"vitro",64
"ENSBTAG00000015991.ENSBTAG00000024015",0,"vitro",64
"ENSBTAG00000021217.ENSBTAG00000010682",0.162995,"vitro",64
"ENSBTAG00000008300.ENSBTAG00000011741",0,"vitro",64
"ENSBTAG00000008300.ENSBTAG00000001462",0,"vitro",64
"ENSBTAG00000000476.ENSBTAG00000003781",0,"vitro",64
"ENSBTAG00000000575.ENSBTAG00000012897",0,"vitro",64
"ENSBTAG00000005339.ENSBTAG00000000782",0,"vitro",64
"ENSBTAG00000000575.ENSBTAG00000020679",0,"vitro",64
"ENSBTAG00000007773.ENSBTAG00000010347",0,"vitro",64
"ENSBTAG00000008300.ENSBTAG00000018993",0,"vitro",64
"ENSBTAG00000009208.ENSBTAG00000044190",0,"vitro",64
"ENSBTAG00000008300.ENSBTAG00000017489",0,"vitro",64
"ENSBTAG00000005947.ENSBTAG00000015739",0,"vitro",64
"ENSBTAG00000014583.ENSBTAG00000011515",0.0458627060909324,"vivo",28
"ENSBTAG00000025644.ENSBTAG00000011515",0.048443985460287,"vivo",28
"ENSBTAG00000017745.ENSBTAG00000015361",0.00317111605580021,"vivo",28
"ENSBTAG00000014906.ENSBTAG00000011515",0.0480722933255636,"vivo",28
"ENSBTAG00000010452.ENSBTAG00000011515",0.070490498195739,"vivo",28
"ENSBTAG00000010562.ENSBTAG00000011515",0.0427474865964162,"vivo",28
"ENSBTAG00000014737.ENSBTAG00000037649",0.00162267711958391,"vivo",28
"ENSBTAG00000015089.ENSBTAG00000023144",0.0218566144972929,"vivo",28
"ENSBTAG00000001941.ENSBTAG00000023144",0.0256393177233406,"vivo",28
"ENSBTAG00000001492.ENSBTAG00000007213",6.6870955699353e-05,"vivo",28
"ENSBTAG00000001292.ENSBTAG00000032007",0.124217246360389,"vivo",28
"ENSBTAG00000034077.ENSBTAG00000003848",0.00461217186386774,"vivo",28
"ENSBTAG00000017246.ENSBTAG00000010444",0.00254691685625543,"vivo",28
"ENSBTAG00000003329.ENSBTAG00000002081",0.00132498694225359,"vivo",28
"ENSBTAG00000012519.ENSBTAG00000031753",0.0365467298489828,"vivo",28
"ENSBTAG00000034077.ENSBTAG00000017846",0.000926186148521267,"vivo",28
"ENSBTAG00000026236.ENSBTAG00000019929",0.0113427505963527,"vivo",28
"ENSBTAG00000021105.ENSBTAG00000014031",0.0826172432608629,"vivo",28
"ENSBTAG00000014465.ENSBTAG00000019929",5.73634098775076e-05,"vivo",28
"ENSBTAG00000005077.ENSBTAG00000015910",0.000720223373814338,"vivo",28
"ENSBTAG00000008300.ENSBTAG00000008165",0.0178568743491576,"vitro",28
"ENSBTAG00000004148.ENSBTAG00000003255",0.0217895990389646,"vitro",28
"ENSBTAG00000013103.ENSBTAG00000010682",0.00155225900624635,"vitro",28
"ENSBTAG00000021466.ENSBTAG00000010682",0.0015887047198152,"vitro",28
"ENSBTAG00000000575.ENSBTAG00000015296",0.0521968552464787,"vitro",28
"ENSBTAG00000021945.ENSBTAG00000011741",0.00342679924532226,"vitro",28
"ENSBTAG00000005947.ENSBTAG00000015910",0.0858124212983996,"vitro",28
"ENSBTAG00000015991.ENSBTAG00000024015",0.0210955734090515,"vitro",28
"ENSBTAG00000021217.ENSBTAG00000010682",0.00299907832088442,"vitro",28
"ENSBTAG00000008300.ENSBTAG00000011741",0.0315976201737631,"vitro",28
"ENSBTAG00000008300.ENSBTAG00000001462",0.00100986930844787,"vitro",28
"ENSBTAG00000000476.ENSBTAG00000003781",0.0138176409481696,"vitro",28
"ENSBTAG00000000575.ENSBTAG00000012897",0.0232077562163767,"vitro",28
"ENSBTAG00000005339.ENSBTAG00000000782",0.00641971242243664,"vitro",28
"ENSBTAG00000000575.ENSBTAG00000020679",0.0227832157243856,"vitro",28
"ENSBTAG00000007773.ENSBTAG00000010347",0.118489858115539,"vitro",28
"ENSBTAG00000008300.ENSBTAG00000018993",0.00278432547411013,"vitro",28
"ENSBTAG00000009208.ENSBTAG00000044190",0.0109241634228313,"vitro",28
"ENSBTAG00000008300.ENSBTAG00000017489",0.00369664767911463,"vitro",28
"ENSBTAG00000005947.ENSBTAG00000015739",0.00240656368886611,"vitro",28
"ENSBTAG00000014583.ENSBTAG00000011515",0.10925,"vivo",21
"ENSBTAG00000025644.ENSBTAG00000011515",0.0790000000000001,"vivo",21
"ENSBTAG00000017745.ENSBTAG00000015361",0,"vivo",21
"ENSBTAG00000014906.ENSBTAG00000011515",0.0868750000000001,"vivo",21
"ENSBTAG00000010452.ENSBTAG00000011515",0.112,"vivo",21
"ENSBTAG00000010562.ENSBTAG00000011515",0.1064375,"vivo",21
"ENSBTAG00000014737.ENSBTAG00000037649",0,"vivo",21
"ENSBTAG00000015089.ENSBTAG00000023144",0,"vivo",21
"ENSBTAG00000001941.ENSBTAG00000023144",0,"vivo",21
"ENSBTAG00000001492.ENSBTAG00000007213",0,"vivo",21
"ENSBTAG00000001292.ENSBTAG00000032007",0,"vivo",21
"ENSBTAG00000034077.ENSBTAG00000003848",0,"vivo",21
"ENSBTAG00000017246.ENSBTAG00000010444",0,"vivo",21
"ENSBTAG00000003329.ENSBTAG00000002081",0,"vivo",21
"ENSBTAG00000012519.ENSBTAG00000031753",0,"vivo",21
"ENSBTAG00000034077.ENSBTAG00000017846",0,"vivo",21
"ENSBTAG00000026236.ENSBTAG00000019929",0,"vivo",21
"ENSBTAG00000021105.ENSBTAG00000014031",0,"vivo",21
"ENSBTAG00000014465.ENSBTAG00000019929",0,"vivo",21
"ENSBTAG00000005077.ENSBTAG00000015910",0,"vivo",21
"ENSBTAG00000008300.ENSBTAG00000008165",0.0918350000000001,"vitro",21
"ENSBTAG00000004148.ENSBTAG00000003255",0,"vitro",21
"ENSBTAG00000013103.ENSBTAG00000010682",0,"vitro",21
"ENSBTAG00000021466.ENSBTAG00000010682",0,"vitro",21
"ENSBTAG00000000575.ENSBTAG00000015296",0.00107,"vitro",21
"ENSBTAG00000021945.ENSBTAG00000011741",0,"vitro",21
"ENSBTAG00000005947.ENSBTAG00000015910",0,"vitro",21
"ENSBTAG00000015991.ENSBTAG00000024015",0,"vitro",21
"ENSBTAG00000021217.ENSBTAG00000010682",0,"vitro",21
"ENSBTAG00000008300.ENSBTAG00000011741",0.05925,"vitro",21
"ENSBTAG00000008300.ENSBTAG00000001462",0.0675925000000001,"vitro",21
"ENSBTAG00000000476.ENSBTAG00000003781",0.0790000000000001,"vitro",21
"ENSBTAG00000000575.ENSBTAG00000012897",0.0010375,"vitro",21
"ENSBTAG00000005339.ENSBTAG00000000782",0.0710150000000001,"vitro",21
"ENSBTAG00000000575.ENSBTAG00000020679",0,"vitro",21
"ENSBTAG00000007773.ENSBTAG00000010347",0,"vitro",21
"ENSBTAG00000008300.ENSBTAG00000018993",0.053125,"vitro",21
"ENSBTAG00000009208.ENSBTAG00000044190",0,"vitro",21
"ENSBTAG00000008300.ENSBTAG00000017489",0.071625,"vitro",21
"ENSBTAG00000005947.ENSBTAG00000015739",0,"vitro",21
"ENSBTAG00000014583.ENSBTAG00000011515",0.0228190881959974,"vivo",94
"ENSBTAG00000025644.ENSBTAG00000011515",0.022143730839053,"vivo",94
"ENSBTAG00000017745.ENSBTAG00000015361",0.221225139751972,"vivo",94
"ENSBTAG00000014906.ENSBTAG00000011515",0.0263695628228224,"vivo",94
"ENSBTAG00000010452.ENSBTAG00000011515",0.0261479511318008,"vivo",94
"ENSBTAG00000010562.ENSBTAG00000011515",0.028920969071949,"vivo",94
"ENSBTAG00000014737.ENSBTAG00000037649",0.00705388095401922,"vivo",94
"ENSBTAG00000015089.ENSBTAG00000023144",0.00805178764236105,"vivo",94
"ENSBTAG00000001941.ENSBTAG00000023144",0.011153043853254,"vivo",94
"ENSBTAG00000001492.ENSBTAG00000007213",0.000165987203508574,"vivo",94
"ENSBTAG00000001292.ENSBTAG00000032007",0.00950219577175542,"vivo",94
"ENSBTAG00000034077.ENSBTAG00000003848",0.0668779021181314,"vivo",94
"ENSBTAG00000017246.ENSBTAG00000010444",0.00619433468401393,"vivo",94
"ENSBTAG00000003329.ENSBTAG00000002081",0.00472032067337266,"vivo",94
"ENSBTAG00000012519.ENSBTAG00000031753",0.028512572549229,"vivo",94
"ENSBTAG00000034077.ENSBTAG00000017846",0.0492950009438306,"vivo",94
"ENSBTAG00000026236.ENSBTAG00000019929",0.01150939142264,"vivo",94
"ENSBTAG00000021105.ENSBTAG00000014031",0.0126917150021548,"vivo",94
"ENSBTAG00000014465.ENSBTAG00000019929",0.000396196273563141,"vivo",94
"ENSBTAG00000005077.ENSBTAG00000015910",0.000824967850300526,"vivo",94
"ENSBTAG00000008300.ENSBTAG00000008165",0.158930475427351,"vitro",94
"ENSBTAG00000004148.ENSBTAG00000003255",0.182879101800977,"vitro",94
"ENSBTAG00000013103.ENSBTAG00000010682",0.00109519586894587,"vitro",94
"ENSBTAG00000021466.ENSBTAG00000010682",0.00623137971638319,"vitro",94
"ENSBTAG00000000575.ENSBTAG00000015296",0,"vitro",94
"ENSBTAG00000021945.ENSBTAG00000011741",0.000478081896551724,"vitro",94
"ENSBTAG00000005947.ENSBTAG00000015910",0.000197227564102564,"vitro",94
"ENSBTAG00000015991.ENSBTAG00000024015",0,"vitro",94
"ENSBTAG00000021217.ENSBTAG00000010682",0.00212937668010753,"vitro",94
"ENSBTAG00000008300.ENSBTAG00000011741",0.000448728448275862,"vitro",94
"ENSBTAG00000008300.ENSBTAG00000001462",0.000320043103448276,"vitro",94
"ENSBTAG00000000476.ENSBTAG00000003781",0.000878340517241379,"vitro",94
"ENSBTAG00000000575.ENSBTAG00000012897",0.0276420655270655,"vitro",94
"ENSBTAG00000005339.ENSBTAG00000000782",0.000128659511784512,"vitro",94
"ENSBTAG00000000575.ENSBTAG00000020679",0.0355252605767477,"vitro",94
"ENSBTAG00000007773.ENSBTAG00000010347",0.00193897451686245,"vitro",94
"ENSBTAG00000008300.ENSBTAG00000018993",0,"vitro",94
"ENSBTAG00000009208.ENSBTAG00000044190",0.074158357776277,"vitro",94
"ENSBTAG00000008300.ENSBTAG00000017489",0.00305998478084416,"vitro",94
"ENSBTAG00000005947.ENSBTAG00000015739",0.00178430513070078,"vitro",94
"ENSBTAG00000014583.ENSBTAG00000011515",0.015759148307728,"vivo",41
"ENSBTAG00000025644.ENSBTAG00000011515",0.0215003580569028,"vivo",41
"ENSBTAG00000017745.ENSBTAG00000015361",0.0318206883712311,"vivo",41
"ENSBTAG00000014906.ENSBTAG00000011515",0.0123483910728706,"vivo",41
"ENSBTAG00000010452.ENSBTAG00000011515",0.0131515305307413,"vivo",41
"ENSBTAG00000010562.ENSBTAG00000011515",0.0182846552171124,"vivo",41
"ENSBTAG00000014737.ENSBTAG00000037649",0.157754656560199,"vivo",41
"ENSBTAG00000015089.ENSBTAG00000023144",0.0421843053098293,"vivo",41
"ENSBTAG00000001941.ENSBTAG00000023144",0.0459814805408564,"vivo",41
"ENSBTAG00000001492.ENSBTAG00000007213",0.00438066925450799,"vivo",41
"ENSBTAG00000001292.ENSBTAG00000032007",0.00834318511865579,"vivo",41
"ENSBTAG00000034077.ENSBTAG00000003848",0.00197017556281678,"vivo",41
"ENSBTAG00000017246.ENSBTAG00000010444",0.0381638988712472,"vivo",41
"ENSBTAG00000003329.ENSBTAG00000002081",0.0254211234012776,"vivo",41
"ENSBTAG00000012519.ENSBTAG00000031753",0.0118033681492575,"vivo",41
"ENSBTAG00000034077.ENSBTAG00000017846",0.00240876529371235,"vivo",41
"ENSBTAG00000026236.ENSBTAG00000019929",0.0503843583989226,"vivo",41
"ENSBTAG00000021105.ENSBTAG00000014031",0.0481412322015847,"vivo",41
"ENSBTAG00000014465.ENSBTAG00000019929",0.00272779176614145,"vivo",41
"ENSBTAG00000005077.ENSBTAG00000015910",0.0234166638698962,"vivo",41
"ENSBTAG00000008300.ENSBTAG00000008165",0.00464634018073246,"vitro",41
"ENSBTAG00000004148.ENSBTAG00000003255",0.0244256080117644,"vitro",41
"ENSBTAG00000013103.ENSBTAG00000010682",0.0228908402578518,"vitro",41
"ENSBTAG00000021466.ENSBTAG00000010682",0.0338380808888692,"vitro",41
"ENSBTAG00000000575.ENSBTAG00000015296",0.0904992947546635,"vitro",41
"ENSBTAG00000021945.ENSBTAG00000011741",0.00627151102517424,"vitro",41
"ENSBTAG00000005947.ENSBTAG00000015910",0.0114198049301391,"vitro",41
"ENSBTAG00000015991.ENSBTAG00000024015",0.0392531882275149,"vitro",41
"ENSBTAG00000021217.ENSBTAG00000010682",0.0177114309025037,"vitro",41
"ENSBTAG00000008300.ENSBTAG00000011741",0.00972613765582364,"vitro",41
"ENSBTAG00000008300.ENSBTAG00000001462",0.0035208010613015,"vitro",41
"ENSBTAG00000000476.ENSBTAG00000003781",0.0276973921312547,"vitro",41
"ENSBTAG00000000575.ENSBTAG00000012897",0.0836151129184068,"vitro",41
"ENSBTAG00000005339.ENSBTAG00000000782",0.0056166380842962,"vitro",41
"ENSBTAG00000000575.ENSBTAG00000020679",0.0791845359090324,"vitro",41
"ENSBTAG00000007773.ENSBTAG00000010347",0.00997761283663729,"vitro",41
"ENSBTAG00000008300.ENSBTAG00000018993",0.00260711980358939,"vitro",41
"ENSBTAG00000009208.ENSBTAG00000044190",0.0181402795494827,"vitro",41
"ENSBTAG00000008300.ENSBTAG00000017489",0.00395668548577926,"vitro",41
"ENSBTAG00000005947.ENSBTAG00000015739",0.00130963408467738,"vitro",41
"ENSBTAG00000014583.ENSBTAG00000011515",0.0390524202581085,"vivo",12
"ENSBTAG00000025644.ENSBTAG00000011515",0.0426793942878556,"vivo",12
"ENSBTAG00000017745.ENSBTAG00000015361",0.00413163879553967,"vivo",12
"ENSBTAG00000014906.ENSBTAG00000011515",0.0347598866875842,"vivo",12
"ENSBTAG00000010452.ENSBTAG00000011515",0.0429937118896915,"vivo",12
"ENSBTAG00000010562.ENSBTAG00000011515",0.033941555586652,"vivo",12
"ENSBTAG00000014737.ENSBTAG00000037649",0.0166100432717878,"vivo",12
"ENSBTAG00000015089.ENSBTAG00000023144",0.0216949057499306,"vivo",12
"ENSBTAG00000001941.ENSBTAG00000023144",0.019261277806344,"vivo",12
"ENSBTAG00000001492.ENSBTAG00000007213",0.108281835910829,"vivo",12
"ENSBTAG00000001292.ENSBTAG00000032007",0.0136937761341019,"vivo",12
"ENSBTAG00000034077.ENSBTAG00000003848",0.00190470971294542,"vivo",12
"ENSBTAG00000017246.ENSBTAG00000010444",0.0118118247122748,"vivo",12
"ENSBTAG00000003329.ENSBTAG00000002081",0.0123679702377479,"vivo",12
"ENSBTAG00000012519.ENSBTAG00000031753",0.00476365101058362,"vivo",12
"ENSBTAG00000034077.ENSBTAG00000017846",0.0016206758965212,"vivo",12
"ENSBTAG00000026236.ENSBTAG00000019929",0.0202141388772257,"vivo",12
"ENSBTAG00000021105.ENSBTAG00000014031",0.00615615991973622,"vivo",12
"ENSBTAG00000014465.ENSBTAG00000019929",0.134573491575927,"vivo",12
"ENSBTAG00000005077.ENSBTAG00000015910",0.00904084573214118,"vivo",12
"ENSBTAG00000008300.ENSBTAG00000008165",0.00324464460381845,"vitro",12
"ENSBTAG00000004148.ENSBTAG00000003255",0.0106862263046317,"vitro",12
"ENSBTAG00000013103.ENSBTAG00000010682",0.0060893013796227,"vitro",12
"ENSBTAG00000021466.ENSBTAG00000010682",0.00489795917598127,"vitro",12
"ENSBTAG00000000575.ENSBTAG00000015296",0.0324288878049954,"vitro",12
"ENSBTAG00000021945.ENSBTAG00000011741",0.0545831053327952,"vitro",12
"ENSBTAG00000005947.ENSBTAG00000015910",0.0618448821766976,"vitro",12
"ENSBTAG00000015991.ENSBTAG00000024015",0.00206946316131351,"vitro",12
"ENSBTAG00000021217.ENSBTAG00000010682",0.00449750858971594,"vitro",12
"ENSBTAG00000008300.ENSBTAG00000011741",0.0434058340651976,"vitro",12
"ENSBTAG00000008300.ENSBTAG00000001462",0.0418891071461646,"vitro",12
"ENSBTAG00000000476.ENSBTAG00000003781",0.0144474964919357,"vitro",12
"ENSBTAG00000000575.ENSBTAG00000012897",0.0260867617050151,"vitro",12
"ENSBTAG00000005339.ENSBTAG00000000782",0.04258176951888,"vitro",12
"ENSBTAG00000000575.ENSBTAG00000020679",0.0336921372678458,"vitro",12
"ENSBTAG00000007773.ENSBTAG00000010347",0.0209655908845988,"vitro",12
"ENSBTAG00000008300.ENSBTAG00000018993",0.00901050904903833,"vitro",12
"ENSBTAG00000009208.ENSBTAG00000044190",0.0124031422826196,"vitro",12
"ENSBTAG00000008300.ENSBTAG00000017489",0.040944096121616,"vitro",12
"ENSBTAG00000005947.ENSBTAG00000015739",0.0396311537731272,"vitro",12
"ENSBTAG00000014583.ENSBTAG00000011515",0.0342574237642641,"vivo",53
"ENSBTAG00000025644.ENSBTAG00000011515",0.0372363981147045,"vivo",53
"ENSBTAG00000017745.ENSBTAG00000015361",0.0386087653515456,"vivo",53
"ENSBTAG00000014906.ENSBTAG00000011515",0.0314585523359516,"vivo",53
"ENSBTAG00000010452.ENSBTAG00000011515",0.0463694290274678,"vivo",53
"ENSBTAG00000010562.ENSBTAG00000011515",0.0324019130909291,"vivo",53
"ENSBTAG00000014737.ENSBTAG00000037649",0.0523079252735224,"vivo",53
"ENSBTAG00000015089.ENSBTAG00000023144",0.0113924508547749,"vivo",53
"ENSBTAG00000001941.ENSBTAG00000023144",0.0136416301298501,"vivo",53
"ENSBTAG00000001492.ENSBTAG00000007213",0.00133090411235747,"vivo",53
"ENSBTAG00000001292.ENSBTAG00000032007",0.000494888573632996,"vivo",53
"ENSBTAG00000034077.ENSBTAG00000003848",0.000975012198927601,"vivo",53
"ENSBTAG00000017246.ENSBTAG00000010444",0.00847224915805361,"vivo",53
"ENSBTAG00000003329.ENSBTAG00000002081",0.0715765676395534,"vivo",53
"ENSBTAG00000012519.ENSBTAG00000031753",0.0373028964936613,"vivo",53
"ENSBTAG00000034077.ENSBTAG00000017846",0.000669302154856561,"vivo",53
"ENSBTAG00000026236.ENSBTAG00000019929",0.0235960048628659,"vivo",53
"ENSBTAG00000021105.ENSBTAG00000014031",0.0952813817278906,"vivo",53
"ENSBTAG00000014465.ENSBTAG00000019929",0.000139349489795918,"vivo",53
"ENSBTAG00000005077.ENSBTAG00000015910",0.00678986749122602,"vivo",53
"ENSBTAG00000008300.ENSBTAG00000008165",0.0110590813067567,"vitro",53
"ENSBTAG00000004148.ENSBTAG00000003255",0.00054534556344723,"vitro",53
"ENSBTAG00000013103.ENSBTAG00000010682",0.026821073231186,"vitro",53
"ENSBTAG00000021466.ENSBTAG00000010682",0.0351601057374487,"vitro",53
"ENSBTAG00000000575.ENSBTAG00000015296",0.0729107627079883,"vitro",53
"ENSBTAG00000021945.ENSBTAG00000011741",0.0253349402725189,"vitro",53
"ENSBTAG00000005947.ENSBTAG00000015910",0.0214140831185877,"vitro",53
"ENSBTAG00000015991.ENSBTAG00000024015",0.00985210754789479,"vitro",53
"ENSBTAG00000021217.ENSBTAG00000010682",0.0246496559404955,"vitro",53
"ENSBTAG00000008300.ENSBTAG00000011741",0.0061691014644116,"vitro",53
"ENSBTAG00000008300.ENSBTAG00000001462",0.00246588688190371,"vitro",53
"ENSBTAG00000000476.ENSBTAG00000003781",0.0388768778941252,"vitro",53
"ENSBTAG00000000575.ENSBTAG00000012897",0.0434230230616758,"vitro",53
"ENSBTAG00000005339.ENSBTAG00000000782",0.00396679817990883,"vitro",53
"ENSBTAG00000000575.ENSBTAG00000020679",0.042205616239014,"vitro",53
"ENSBTAG00000007773.ENSBTAG00000010347",0.0403126257799714,"vitro",53
"ENSBTAG00000008300.ENSBTAG00000018993",0.0114780878835786,"vitro",53
"ENSBTAG00000009208.ENSBTAG00000044190",0.00543128111739042,"vitro",53
"ENSBTAG00000008300.ENSBTAG00000017489",0.0116415788194599,"vitro",53
"ENSBTAG00000005947.ENSBTAG00000015739",0.00288981853416383,"vitro",53
"ENSBTAG00000014583.ENSBTAG00000011515",0.0282504558493694,"vivo",22
"ENSBTAG00000025644.ENSBTAG00000011515",0.0338843027434163,"vivo",22
"ENSBTAG00000017745.ENSBTAG00000015361",0.14587867997411,"vivo",22
"ENSBTAG00000014906.ENSBTAG00000011515",0.0263614636885407,"vivo",22
"ENSBTAG00000010452.ENSBTAG00000011515",0.0282150928965175,"vivo",22
"ENSBTAG00000010562.ENSBTAG00000011515",0.0254965795432123,"vivo",22
"ENSBTAG00000014737.ENSBTAG00000037649",0.0103740601876027,"vivo",22
"ENSBTAG00000015089.ENSBTAG00000023144",0.108133598887783,"vivo",22
"ENSBTAG00000001941.ENSBTAG00000023144",0.103367175320642,"vivo",22
"ENSBTAG00000001492.ENSBTAG00000007213",0.000113279815894612,"vivo",22
"ENSBTAG00000001292.ENSBTAG00000032007",0.00302427363479162,"vivo",22
"ENSBTAG00000034077.ENSBTAG00000003848",0.00123041832774187,"vivo",22
"ENSBTAG00000017246.ENSBTAG00000010444",0.0513859332205652,"vivo",22
"ENSBTAG00000003329.ENSBTAG00000002081",0.0120672708065503,"vivo",22
"ENSBTAG00000012519.ENSBTAG00000031753",0.0106944391969505,"vivo",22
"ENSBTAG00000034077.ENSBTAG00000017846",0.00125462487410852,"vivo",22
"ENSBTAG00000026236.ENSBTAG00000019929",0.00259492642146319,"vivo",22
"ENSBTAG00000021105.ENSBTAG00000014031",0.00664932732634053,"vivo",22
"ENSBTAG00000014465.ENSBTAG00000019929",0.000835194822703573,"vivo",22
"ENSBTAG00000005077.ENSBTAG00000015910",0.00195050216585969,"vivo",22
"ENSBTAG00000008300.ENSBTAG00000008165",0.0186653145997778,"vitro",22
"ENSBTAG00000004148.ENSBTAG00000003255",0.0189586695743441,"vitro",22
"ENSBTAG00000013103.ENSBTAG00000010682",0.0501293405675764,"vitro",22
"ENSBTAG00000021466.ENSBTAG00000010682",0.0521262433205918,"vitro",22
"ENSBTAG00000000575.ENSBTAG00000015296",0.0191670637586102,"vitro",22
"ENSBTAG00000021945.ENSBTAG00000011741",0.00344447926298968,"vitro",22
"ENSBTAG00000005947.ENSBTAG00000015910",0.0358533087844317,"vitro",22
"ENSBTAG00000015991.ENSBTAG00000024015",0.00466265330212189,"vitro",22
"ENSBTAG00000021217.ENSBTAG00000010682",0.023700393335162,"vitro",22
"ENSBTAG00000008300.ENSBTAG00000011741",0.00836264007491467,"vitro",22
"ENSBTAG00000008300.ENSBTAG00000001462",0.00668218835708812,"vitro",22
"ENSBTAG00000000476.ENSBTAG00000003781",0.014817875386658,"vitro",22
"ENSBTAG00000000575.ENSBTAG00000012897",0.0265185893515718,"vitro",22
"ENSBTAG00000005339.ENSBTAG00000000782",0.0149260392165519,"vitro",22
"ENSBTAG00000000575.ENSBTAG00000020679",0.0200530101223834,"vitro",22
"ENSBTAG00000007773.ENSBTAG00000010347",0.0166578176721685,"vitro",22
"ENSBTAG00000008300.ENSBTAG00000018993",0.0367865860082891,"vitro",22
"ENSBTAG00000009208.ENSBTAG00000044190",0.0829511748013488,"vitro",22
"ENSBTAG00000008300.ENSBTAG00000017489",0.0435224363675797,"vitro",22
"ENSBTAG00000005947.ENSBTAG00000015739",0.0129371487080395,"vitro",22
"ENSBTAG00000014583.ENSBTAG00000011515",0.0332292748953384,"vivo",17
"ENSBTAG00000025644.ENSBTAG00000011515",0.0326661003908279,"vivo",17
"ENSBTAG00000017745.ENSBTAG00000015361",0.0104024517619884,"vivo",17
"ENSBTAG00000014906.ENSBTAG00000011515",0.028864340247988,"vivo",17
"ENSBTAG00000010452.ENSBTAG00000011515",0.0360519398563879,"vivo",17
"ENSBTAG00000010562.ENSBTAG00000011515",0.0299215180189037,"vivo",17
"ENSBTAG00000014737.ENSBTAG00000037649",0.136539863730205,"vivo",17
"ENSBTAG00000015089.ENSBTAG00000023144",0.00399986561835069,"vivo",17
"ENSBTAG00000001941.ENSBTAG00000023144",0.00459223409732933,"vivo",17
"ENSBTAG00000001492.ENSBTAG00000007213",0.000511045002772295,"vivo",17
"ENSBTAG00000001292.ENSBTAG00000032007",0.00142577104899037,"vivo",17
"ENSBTAG00000034077.ENSBTAG00000003848",0.0133636940386612,"vivo",17
"ENSBTAG00000017246.ENSBTAG00000010444",0.0947359739613606,"vivo",17
"ENSBTAG00000003329.ENSBTAG00000002081",0.0151104110795297,"vivo",17
"ENSBTAG00000012519.ENSBTAG00000031753",0.00129484782111859,"vivo",17
"ENSBTAG00000034077.ENSBTAG00000017846",0.0238069410331894,"vivo",17
"ENSBTAG00000026236.ENSBTAG00000019929",0.0186342466081861,"vivo",17
"ENSBTAG00000021105.ENSBTAG00000014031",0.00309775459434225,"vivo",17
"ENSBTAG00000014465.ENSBTAG00000019929",0.000917400277578141,"vivo",17
"ENSBTAG00000005077.ENSBTAG00000015910",0.0711361787313298,"vivo",17
"ENSBTAG00000008300.ENSBTAG00000008165",0.0104290386764741,"vitro",17
"ENSBTAG00000004148.ENSBTAG00000003255",0.00841141916627327,"vitro",17
"ENSBTAG00000013103.ENSBTAG00000010682",0.0670092432860798,"vitro",17
"ENSBTAG00000021466.ENSBTAG00000010682",0.0600769123455686,"vitro",17
"ENSBTAG00000000575.ENSBTAG00000015296",0.0139067868245813,"vitro",17
"ENSBTAG00000021945.ENSBTAG00000011741",0.00149249891381721,"vitro",17
"ENSBTAG00000005947.ENSBTAG00000015910",0.0189481940286353,"vitro",17
"ENSBTAG00000015991.ENSBTAG00000024015",0.13024553139556,"vitro",17
"ENSBTAG00000021217.ENSBTAG00000010682",0.0447007779771511,"vitro",17
"ENSBTAG00000008300.ENSBTAG00000011741",0.00236251348054994,"vitro",17
"ENSBTAG00000008300.ENSBTAG00000001462",0.0084673274019402,"vitro",17
"ENSBTAG00000000476.ENSBTAG00000003781",0.0413973501484508,"vitro",17
"ENSBTAG00000000575.ENSBTAG00000012897",0.00877723166051276,"vitro",17
"ENSBTAG00000005339.ENSBTAG00000000782",0.0257296668122648,"vitro",17
"ENSBTAG00000000575.ENSBTAG00000020679",0.00734582826498126,"vitro",17
"ENSBTAG00000007773.ENSBTAG00000010347",0.040607979208373,"vitro",17
"ENSBTAG00000008300.ENSBTAG00000018993",0.00545767244039761,"vitro",17
"ENSBTAG00000009208.ENSBTAG00000044190",0.00395306814784882,"vitro",17
"ENSBTAG00000008300.ENSBTAG00000017489",0.00125550455041127,"vitro",17
"ENSBTAG00000005947.ENSBTAG00000015739",0.00211548461160809,"vitro",17
"ENSBTAG00000014583.ENSBTAG00000011515",0.0940000000000001,"vivo",62
"ENSBTAG00000025644.ENSBTAG00000011515",0.0960000000000001,"vivo",62
"ENSBTAG00000017745.ENSBTAG00000015361",0,"vivo",62
"ENSBTAG00000014906.ENSBTAG00000011515",0.108,"vivo",62
"ENSBTAG00000010452.ENSBTAG00000011515",0.107,"vivo",62
"ENSBTAG00000010562.ENSBTAG00000011515",0.0950000000000001,"vivo",62
"ENSBTAG00000014737.ENSBTAG00000037649",0,"vivo",62
"ENSBTAG00000015089.ENSBTAG00000023144",0,"vivo",62
"ENSBTAG00000001941.ENSBTAG00000023144",0,"vivo",62
"ENSBTAG00000001492.ENSBTAG00000007213",0,"vivo",62
"ENSBTAG00000001292.ENSBTAG00000032007",0,"vivo",62
"ENSBTAG00000034077.ENSBTAG00000003848",0,"vivo",62
"ENSBTAG00000017246.ENSBTAG00000010444",0,"vivo",62
"ENSBTAG00000003329.ENSBTAG00000002081",0,"vivo",62
"ENSBTAG00000012519.ENSBTAG00000031753",0,"vivo",62
"ENSBTAG00000034077.ENSBTAG00000017846",0,"vivo",62
"ENSBTAG00000026236.ENSBTAG00000019929",0,"vivo",62
"ENSBTAG00000021105.ENSBTAG00000014031",0,"vivo",62
"ENSBTAG00000014465.ENSBTAG00000019929",0,"vivo",62
"ENSBTAG00000005077.ENSBTAG00000015910",0,"vivo",62
"ENSBTAG00000008300.ENSBTAG00000008165",0.00187890277777778,"vitro",62
"ENSBTAG00000004148.ENSBTAG00000003255",0.001206108279359,"vitro",62
"ENSBTAG00000013103.ENSBTAG00000010682",0.0202089498072961,"vitro",62
"ENSBTAG00000021466.ENSBTAG00000010682",0.0172255576755835,"vitro",62
"ENSBTAG00000000575.ENSBTAG00000015296",0.00592388430220177,"vitro",62
"ENSBTAG00000021945.ENSBTAG00000011741",0.070278780906259,"vitro",62
"ENSBTAG00000005947.ENSBTAG00000015910",0.158640875453904,"vitro",62
"ENSBTAG00000015991.ENSBTAG00000024015",0.00187679455254953,"vitro",62
"ENSBTAG00000021217.ENSBTAG00000010682",0.00316422384677182,"vitro",62
"ENSBTAG00000008300.ENSBTAG00000011741",0.0210388730777946,"vitro",62
"ENSBTAG00000008300.ENSBTAG00000001462",0.0164996468661179,"vitro",62
"ENSBTAG00000000476.ENSBTAG00000003781",0.000629131086293443,"vitro",62
"ENSBTAG00000000575.ENSBTAG00000012897",0.0312424128121427,"vitro",62
"ENSBTAG00000005339.ENSBTAG00000000782",0.0343002511066169,"vitro",62
"ENSBTAG00000000575.ENSBTAG00000020679",0.0208180967421496,"vitro",62
"ENSBTAG00000007773.ENSBTAG00000010347",0.00221541252429722,"vitro",62
"ENSBTAG00000008300.ENSBTAG00000018993",0.00283835370642049,"vitro",62
"ENSBTAG00000009208.ENSBTAG00000044190",0.00162370461362309,"vitro",62
"ENSBTAG00000008300.ENSBTAG00000017489",0.0183681541179874,"vitro",62
"ENSBTAG00000005947.ENSBTAG00000015739",0.060347461811773,"vitro",62
