"Sample","ENSBTAG00000010663-ENSBTAG00000019929","ENSBTAG00000026236-ENSBTAG00000019929","ENSBTAG00000021316-ENSBTAG00000019929","ENSBTAG00000014575-ENSBTAG00000019929","ENSBTAG00000013760-ENSBTAG00000019929","ENSBTAG00000022120-ENSBTAG00000019929","ENSBTAG00000020645-ENSBTAG00000021527","ENSBTAG00000020645-ENSBTAG00000012848","ENSBTAG00000020645-ENSBTAG00000014944","ENSBTAG00000000470-ENSBTAG00000019929","ENSBTAG00000010303-ENSBTAG00000007103","ENSBTAG00000008817-ENSBTAG00000019929","ENSBTAG00000026779-ENSBTAG00000007103","ENSBTAG00000021697-ENSBTAG00000019929","ENSBTAG00000005260-ENSBTAG00000019929","ENSBTAG00000004630-ENSBTAG00000019929","ENSBTAG00000017060-ENSBTAG00000007103","ENSBTAG00000020645-ENSBTAG00000005990","ENSBTAG00000025644-ENSBTAG00000010986","ENSBTAG00000020645-ENSBTAG00000013674","ENSBTAG00000020645-ENSBTAG00000017489","ENSBTAG00000020645-ENSBTAG00000020199","ENSBTAG00000021457-ENSBTAG00000011986","ENSBTAG00000016515-ENSBTAG00000015510","ENSBTAG00000015801-ENSBTAG00000015510","ENSBTAG00000017246-ENSBTAG00000010444","ENSBTAG00000020645-ENSBTAG00000011628","ENSBTAG00000000277-ENSBTAG00000011238","ENSBTAG00000003585-ENSBTAG00000007213","ENSBTAG00000008300-ENSBTAG00000017266","ENSBTAG00000020645-ENSBTAG00000006208","ENSBTAG00000020645-ENSBTAG00000011461","ENSBTAG00000020645-ENSBTAG00000014600","ENSBTAG00000021316-ENSBTAG00000003585","ENSBTAG00000014575-ENSBTAG00000003585","ENSBTAG00000013760-ENSBTAG00000003585","ENSBTAG00000031998-ENSBTAG00000015708","ENSBTAG00000005691-ENSBTAG00000020644","ENSBTAG00000000016-ENSBTAG00000016455","ENSBTAG00000007446-ENSBTAG00000008733"
"Zo_IVT_NP_10.NP_Hols_2",67.9079650093558,65.8297087545895,73.3978111974577,65.7638649041028,67.4913646653259,68.0860279396948,65.5361736500551,88.923545279733,49.5792002542294,64.6093480353559,31.1318556162058,66.7816261605509,29.3817774246511,43.8458171827337,56.0403596093779,63.7239206070566,31.1269250821644,77.3349597885199,69.1169235315242,91.3213901882878,60.8872973011635,72.2052288062516,72.2956910456853,37.7762260902844,32.5091811487372,100.306928930585,60.9615104674136,46.8007106208611,50.527707414297,159.569168618129,94.1055560206008,57.0681417707564,63.9609307604797,84.7075098014278,75.8972664178985,77.8909526132825,39.0659263335915,32.3060602644311,86.2352289954436,77.1337925727829
"Zo_IVT_NP_13.NP_Hols_2",67.9079650093558,65.8297087545895,73.3978111974577,65.7638649041028,67.4913646653259,68.0860279396948,65.5000812839855,88.8745729188262,49.5518957818235,64.6093480353559,31.1318556162058,66.7816261605509,29.3817774246511,43.8458171827337,56.0403596093779,63.7239206070566,31.1269250821644,77.2923695437252,70.9451380442619,91.2710972758231,60.8537651844593,72.1654636291735,72.2956910456853,37.7762260902844,32.5091811487372,97.297557932145,60.9279374797123,46.8007106208611,50.527707414297,159.826452417028,94.0537298002417,57.0367129559663,63.925705919013,84.7075098014278,75.8972664178985,77.8909526132825,39.0659263335915,32.3060602644311,86.2352289954436,77.1337925727829
"Zo_IVT_NP_18.NP_Hols_2",67.9079650093558,65.8297087545895,73.3978111974577,65.7638649041028,67.4913646653259,68.0860279396948,64.1719369567633,87.0724643176985,48.5471326121353,64.6093480353559,31.1318556162058,66.7816261605509,29.3817774246511,43.8458171827337,56.0403596093779,63.7239206070566,31.1269250821644,75.7251131352639,73.2769708786909,89.4203943803464,59.6198341505506,70.7021654276813,72.2956910456853,37.7762260902844,32.5091811487372,101.173661406099,59.6925024551024,46.8007106208611,50.527707414297,157.070298141757,92.1466034999447,55.8801802422521,62.6294851813332,84.7075098014278,75.8972664178985,77.8909526132825,39.0659263335915,32.3060602644311,86.2352289954436,77.1337925727829
"Zo_IVT_NP_26.NP_Hols_2",67.9079650093558,65.8297087545895,73.3978111974577,65.7638649041028,67.4913646653259,68.0860279396948,63.857615999639,86.645974147362,48.3093436047913,64.6093480353559,31.1318556162058,66.7816261605509,29.3817774246511,43.8458171827337,56.0403596093779,63.7239206070566,31.1269250821644,75.3542034951971,72.5124868937899,88.9824037994013,59.3278098760391,70.3558587185203,72.2956910456853,37.7762260902844,32.5091811487372,102.898974907361,59.4001222435237,46.8007106208611,50.527707414297,165.784547722688,91.6952596574272,55.6064731894347,62.3227193166896,84.7075098014278,75.8972664178985,77.8909526132825,39.0659263335915,32.3060602644311,86.2352289954436,77.1337925727829
"Zo_IVT_NP_28.NP_Hols_2",67.9079650093558,65.8297087545895,73.3978111974577,65.7638649041028,67.4913646653259,68.0860279396948,64.4826887787549,87.4941116641118,48.7822215096677,64.6093480353559,31.1318556162058,66.7816261605509,29.3817774246511,43.8458171827337,56.0403596093779,63.7239206070566,31.1269250821644,76.0918110719829,71.3516148155016,89.8534115494498,59.9085424702263,71.0445398013925,72.2956910456853,37.7762260902844,32.5091811487372,100.819181215187,59.9815626701565,46.8007106208611,50.527707414297,166.489965207613,92.5928223034575,56.1507793334904,62.932767699416,84.7075098014278,75.8972664178985,77.8909526132825,39.0659263335915,32.3060602644311,86.2352289954436,77.1337925727829
"Zo_IVT_NP_10.NP_Hols_3",67.9303024123752,65.8513625434329,73.4219544108382,65.7854970345056,67.5135650333188,68.1084239140972,72.7925767866436,94.598805699982,48.9488393348796,64.630600403111,32.2603593568823,66.8035930696996,30.446842293903,43.860239668947,56.0587933247421,63.7448817254817,32.2552500951037,76.666031846228,72.2390189183605,104.32510355552,63.8047064535171,64.0062422460541,70.995190856117,34.4103092765761,29.6125657174628,96.804527278291,74.6480922382597,43.0761646458722,50.513916038196,155.576812718905,99.4254921719343,64.7548772186344,82.5889722936473,82.9532023001862,74.3254206144653,76.2778172163306,38.2848210680334,32.2963585322069,90.1433804748502,78.4487841313864
"Zo_IVT_NP_13.NP_Hols_3",67.9303024123752,65.8513625434329,73.4219544108382,65.7854970345056,67.5135650333188,68.1084239140972,72.7524881427359,94.5467078350181,48.9218820175759,64.630600403111,32.2603593568823,66.8035930696996,30.446842293903,43.860239668947,56.0587933247421,63.7448817254817,32.2552500951037,76.6238099963337,74.1498161012277,104.267649181576,63.7695676485789,63.9709924504493,70.995190856117,34.4103092765761,29.6125657174628,93.9002340254236,74.606981716827,43.0761646458722,50.513916038196,155.827659381475,99.3707361332421,64.7192151315274,82.5434885362762,82.9532023001862,74.3254206144653,76.2778172163306,38.2848210680334,32.2963585322069,90.1433804748502,78.4487841313864
"Zo_IVT_NP_18.NP_Hols_3",67.9303024123752,65.8513625434329,73.4219544108382,65.7854970345056,67.5135650333188,68.1084239140972,71.27728685254,92.6295854252889,47.9298936290887,64.630600403111,32.2603593568823,66.8035930696996,30.446842293903,43.860239668947,56.0587933247421,63.7448817254817,32.2552500951037,75.0701099614352,76.5869806570826,102.153415366004,62.4765129246517,62.6738534383392,70.995190856117,34.4103092765761,29.6125657174628,97.6409961888985,73.0941768836733,43.0761646458722,50.513916038196,153.140462968649,97.3557969621738,63.4069044174913,80.8697552538201,82.9532023001862,74.3254206144653,76.2778172163306,38.2848210680334,32.2963585322069,90.1433804748502,78.4487841313864
"Zo_IVT_NP_26.NP_Hols_3",67.9303024123752,65.8513625434329,73.4219544108382,65.7854970345056,67.5135650333188,68.1084239140972,70.9281631376082,92.1758758860471,47.695127923785,64.630600403111,32.2603593568823,66.8035930696996,30.446842293903,43.860239668947,56.0587933247421,63.7448817254817,32.2552500951037,74.7024085964226,75.7879640020249,101.653057097046,62.1704963343547,62.3668702532644,70.995190856117,34.4103092765761,29.6125657174628,99.3060671832671,72.7361538485611,43.0761646458722,50.513916038196,161.636685558382,96.87893793728,63.0963306709294,80.4736466107085,82.9532023001862,74.3254206144653,76.2778172163306,38.2848210680334,32.2963585322069,90.1433804748502,78.4487841313864
"Zo_IVT_NP_28.NP_Hols_3",67.9303024123752,65.8513625434329,73.4219544108382,65.7854970345056,67.5135650333188,68.1084239140972,71.6224462447361,93.0781430628841,48.1619935543744,64.630600403111,32.2603593568823,66.8035930696996,30.446842293903,43.860239668947,56.0587933247421,63.7448817254817,32.2552500951037,75.4336360532741,74.5746539219398,102.648092033922,62.7790546764473,62.9773508091654,70.995190856117,34.4103092765761,29.6125657174628,97.2988933284421,73.4481345436841,43.0761646458722,50.513916038196,162.324453783856,97.8272412214896,63.7139515787428,81.2613660572476,82.9532023001862,74.3254206144653,76.2778172163306,38.2848210680334,32.2963585322069,90.1433804748502,78.4487841313864
"Zo_IVT_NP_10.NP_Hols_8",68.9110720289304,66.8021166737369,74.4820118449582,66.7353002064355,68.4883178452236,69.0917652276823,66.2565433200663,89.7762687763968,48.9305462624853,65.563729315011,33.1017044750778,67.7680953909427,31.2408911711973,44.493488586065,56.8681635068428,64.6652227365924,33.0964619645525,78.5680076933982,71.3793021831593,104.452092483505,63.9021018256375,63.6745465565472,72.1889254543465,36.0852786673303,31.05399830558,93.055559854922,73.2409288062572,46.0472867859583,52.7503542006888,155.053162966773,100.254427539146,64.4630428802384,79.3293110326706,82.6661101507751,74.068188293489,76.0138278598042,39.2304137512648,30.1049211920466,85.6874898342681,77.6373285552425
"Zo_IVT_NP_13.NP_Hols_8",68.9110720289304,66.8021166737369,74.4820118449582,66.7353002064355,68.4883178452236,69.0917652276823,66.2200542288847,89.726826799904,48.9035990196218,65.563729315011,33.1017044750778,67.7680953909427,31.2408911711973,44.493488586065,56.8681635068428,64.6652227365924,33.0964619645525,78.5247383791082,73.2673589642287,104.394568173666,63.8669093826972,63.6394794338326,72.1889254543465,36.0852786673303,31.05399830558,90.2637417217523,73.2005932439788,46.0472867859583,52.7503542006888,155.303165314626,100.19921498557,64.4275415134052,79.2856224501005,82.6661101507751,74.068188293489,76.0138278598042,39.2304137512648,30.1049211920466,85.6874898342681,77.6373285552425
"Zo_IVT_NP_18.NP_Hols_8",68.9110720289304,66.8021166737369,74.4820118449582,66.7353002064355,68.4883178452236,69.0917652276823,64.8773110192828,87.9074370575117,47.911981355255,65.563729315011,33.1017044750778,67.7680953909427,31.2408911711973,44.493488586065,56.8681635068428,64.6652227365924,33.0964619645525,76.9324932432183,75.6755188189334,102.277760823283,62.5718808616473,62.3490625070053,72.1889254543465,36.0852786673303,31.05399830558,93.8596346742127,71.7163057322614,46.0472867859583,52.7503542006888,152.625013628394,98.1674767591972,63.1211450616679,77.6779488774399,82.6661101507751,74.068188293489,76.0138278598042,39.2304137512648,30.1049211920466,85.6874898342681,77.6373285552425
"Zo_IVT_NP_26.NP_Hols_8",68.9110720289304,66.8021166737369,74.4820118449582,66.7353002064355,68.4883178452236,69.0917652276823,64.5595350651462,87.4768571020885,47.6773033861693,65.563729315011,33.1017044750778,67.7680953909427,31.2408911711973,44.493488586065,56.8681635068428,64.6652227365924,33.0964619645525,76.5556697272558,74.8860112629795,101.77679349708,62.2653971490745,62.0436701823789,72.1889254543465,36.0852786673303,31.05399830558,95.4602221460541,71.3650316562682,46.0472867859583,52.7503542006888,161.092639123384,97.6866420405223,62.8119709947556,77.2974740406735,82.6661101507751,74.068188293489,76.0138278598042,39.2304137512648,30.1049211920466,85.6874898342681,77.6373285552425
"Zo_IVT_NP_28.NP_Hols_8",68.9110720289304,66.8021166737369,74.4820118449582,66.7353002064355,68.4883178452236,69.0917652276823,65.1914786065685,88.3331277492332,48.1439945405731,65.563729315011,33.1017044750778,67.7680953909427,31.2408911711973,44.493488586065,56.8681635068428,64.6652227365924,33.0964619645525,77.3050379033833,73.6871407890305,102.773039632562,62.8748844315146,62.650987081708,72.1889254543465,36.0852786673303,31.05399830558,93.5307804965953,72.0635910680278,46.0472867859583,52.7503542006888,161.778092417381,98.6428515680298,63.4268084367243,78.0541033974211,82.6661101507751,74.068188293489,76.0138278598042,39.2304137512648,30.1049211920466,85.6874898342681,77.6373285552425
"Zo_IVT_PR_1.PR_Hols_7",71.8974832466656,69.6971317232655,77.7098518588225,69.6274196189989,71.4564080907348,72.0860071782711,46.0923781501199,61.5670065318575,36.5974085489364,68.4050761543215,34.6775943303484,70.7049732296026,32.7281923312741,46.4217107065076,59.3326690852429,67.4676308386871,34.6721022369304,55.4420787969438,67.4667889728739,72.8819769651428,43.2698626030041,46.6998672997014,75.5880135810201,40.4594051502091,34.8182512476167,83.8314419764435,48.868198715734,85.4978131326658,80.8276049097302,137.758886315421,66.7776150173064,42.9308210452267,52.2165247299862,84.4499119565415,75.6664607631478,77.6540841045002,41.345036535057,31.8891655225949,89.8299116030828,82.251616738228
"Zo_IVT_PR_2.PR_Hols_7",71.8974832466656,69.6971317232655,77.7098518588225,69.6274196189989,71.4564080907348,72.0860071782711,46.0923781501199,61.5670065318575,36.5974085489364,68.4050761543215,34.6775943303484,70.7049732296026,32.7281923312741,46.4217107065076,59.3326690852429,67.4676308386871,34.6721022369304,55.4420787969438,65.1183032762209,72.8819769651428,43.2698626030041,46.6998672997014,75.5880135810201,40.4594051502091,34.8182512476167,79.1851007177092,48.868198715734,46.6325934845229,53.5992782614658,149.982508242436,66.7776150173064,42.9308210452267,52.2165247299862,84.4499119565415,75.6664607631478,77.6540841045002,41.345036535057,31.8891655225949,89.8299116030828,82.251616738228
"Zo_IVT_PR_3.PR_Hols_7",104.604502672812,69.6971317232655,77.7098518588225,69.6274196189989,71.4564080907348,72.0860071782711,46.0923781501199,61.5670065318575,36.5974085489364,68.4050761543215,34.6775943303484,70.7049732296026,32.7281923312741,46.4217107065076,59.3326690852429,67.4676308386871,34.6721022369304,55.4420787969438,66.1394510549258,72.8819769651428,43.2698626030041,46.6998672997014,75.5880135810201,40.4594051502091,34.8182512476167,82.6293991352849,48.868198715734,86.0914787428341,53.5992782614658,149.672661614673,66.7776150173064,42.9308210452267,52.2165247299862,84.4499119565415,75.6664607631478,77.6540841045002,41.345036535057,31.8891655225949,89.8299116030828,82.251616738228
"Zo_IVT_PR_7.PR_Hols_7",76.4903057606637,79.8613176075777,84.537335852729,75.2411239240645,80.3318352021782,80.7690415731375,48.0077755527617,64.1254617284081,38.1182365923441,78.5326830376741,42.6981643755558,77.1307045370853,40.5276306883841,62.9145119600884,100.202331477964,78.9096393541406,43.313182277563,57.7460088171927,64.9862551145672,75.9106327859332,45.067968618982,48.6405092912739,84.7936537678911,44.9507896275002,41.384365134404,84.9877820033929,50.8989470660804,53.5404771229718,59.0354057537981,144.710876078438,69.5526002858508,44.7148379786877,54.3864148475465,91.869568645858,81.7670622052162,87.2993095194165,52.1805735816983,35.896818110527,91.5880375739356,92.9745680832813
"SW_IVT_PR_4.PR_Hols_7",88.5312029996279,70.6390695740222,89.3168306795532,78.9354743457319,74.2657838546794,75.3128123921801,59.1218088099865,78.9708176333314,46.9427935378846,69.4112378634469,35.2915336674708,84.0784910075589,40.1935037489755,76.0778193110227,84.8043101323364,83.4347557548289,39.326229917402,71.1144903824536,62.4964430169216,93.4843130418038,55.5014222897617,59.9010234827187,82.7342686006787,47.5874797927599,40.2684843891932,81.4862114004465,62.6823005736477,58.3472524440509,61.1973606544717,144.450412872729,85.6543651312945,55.0665401907675,66.9771340882775,97.0636065659833,85.781837171114,80.7071273190077,45.6584317895967,32.6038331673982,91.4600972766848,88.2643901576804
"Zo_IVT_PR_1.PR_Hols_8",72.2936872865731,70.0812103295219,78.1380860035622,70.0111140641401,71.8501815064981,72.4832501132824,47.823196250718,66.2403032316773,35.0289764809572,68.782034655491,34.6956685879286,71.0946057281284,32.7452505439256,46.6775259101947,59.6596324520886,67.8394233784838,34.6901736319848,59.4120964976149,71.0328848021541,75.9863020224047,46.1867044582005,45.3703569770585,77.6239072404566,36.4146175096246,31.3374182548855,88.9858022434209,48.3607327650785,88.8237379301536,82.0516165732871,138.193324673376,73.4794872332176,45.321785586506,50.1492015070394,85.244721611463,76.3786039990015,78.384934076518,42.6463611988958,32.5038389613571,93.5180277697232,82.6869837720172
"Zo_IVT_PR_2.PR_Hols_8",72.2936872865731,70.0812103295219,78.1380860035622,70.0111140641401,71.8501815064981,72.4832501132824,47.823196250718,66.2403032316773,35.0289764809572,68.782034655491,34.6956685879286,71.0946057281284,32.7452505439256,46.6775259101947,59.6596324520886,67.8394233784838,34.6901736319848,59.4120964976149,68.5602650659914,75.9863020224047,46.1867044582005,45.3703569770585,77.6239072404566,36.4146175096246,31.3374182548855,84.0537815760279,48.3607327650785,48.44663402379,54.4109581550311,150.455495186113,73.4794872332176,45.321785586506,50.1492015070394,85.244721611463,76.3786039990015,78.384934076518,42.6463611988958,32.5038389613571,93.5180277697232,82.6869837720172
"Zo_IVT_PR_3.PR_Hols_8",105.180944638232,70.0812103295219,78.1380860035622,70.0111140641401,71.8501815064981,72.4832501132824,47.823196250718,66.2403032316773,35.0289764809572,68.782034655491,34.6956685879286,71.0946057281284,32.7452505439256,46.6775259101947,59.6596324520886,67.8394233784838,34.6901736319848,59.4120964976149,69.6353877098137,75.9863020224047,46.1867044582005,45.3703569770585,77.6239072404566,36.4146175096246,31.3374182548855,87.7098520267764,48.3607327650785,89.4404975482493,54.4109581550311,150.144671421675,73.4794872332176,45.321785586506,50.1492015070394,85.244721611463,76.3786039990015,78.384934076518,42.6463611988958,32.5038389613571,93.5180277697232,82.6869837720172
"Zo_IVT_PR_7.PR_Hols_8",76.9118193768241,80.3014077920964,85.003194078572,75.6557536985675,80.7745182587059,81.2141339341725,49.8105188745652,68.9929601752381,36.4846273556052,78.9654515419283,42.7204190225701,77.5557471861258,40.5487540347501,63.2612137176712,100.754514485588,79.3444851441175,43.3357574771471,61.8810030692481,68.421237227289,79.1439599990888,48.1060216491619,47.2557503413964,87.077492883222,40.4569915193764,37.2471078517619,90.2132396170161,50.3703930526512,55.6232391727602,59.9294075652605,145.167238328912,76.5329729643196,47.2051605365411,52.233182724027,92.7342092175471,82.5366219239844,88.1209365935775,53.822944058685,36.5887402811773,95.3483365213488,93.4666929013633
"SW_IVT_PR_4.PR_Hols_8",89.0190701502204,71.0283388985758,89.8090271730739,79.3704625040864,74.6750388419391,75.7278372189074,61.3418959683262,84.9651656164017,44.9309958269376,69.7937410000605,35.3099279154636,84.5418206861824,40.2144529455342,76.4970598462576,85.2716395680653,83.8945380143183,39.3467270834515,76.20675589123,65.7998209926706,97.466171211971,59.2427993549726,58.1956861089301,84.9626400696774,42.8300877995333,36.2427833845002,86.4963756114714,62.0313837384495,60.6170014195928,62.1241019986403,144.905953722781,94.2507279947504,58.1333845184908,64.3254182679865,97.9771313980736,86.5891823870047,81.4667113437624,47.0955194881314,33.2322820440436,95.2151434227735,88.7315834756484
"Zo_IVT_PR_1.PR_Jap_2",73.735611321483,71.4790057022927,79.6965787085169,71.4075113412597,73.2832596564088,73.9289550481052,48.2610218212203,67.1244710664427,32.2502186637546,70.1539174942597,33.5109208329175,72.5126136427817,31.6271034192816,47.6085262371422,60.8495656423208,69.1925054905652,33.5056135124043,54.0544614356094,67.5946569723432,67.3051098801618,49.0183005320662,46.8807033083114,74.4909083490594,40.1278332478386,34.5329095882293,93.373123416762,48.6712682009983,92.0831307314491,80.611697446979,136.311369814027,70.6273456861648,46.5958896764557,38.2781328531165,84.7849465800858,75.9666491660649,77.9621579228367,42.124911960319,34.5272533899846,92.898490654193,80.9875767957903
"Zo_IVT_PR_2.PR_Jap_2",73.735611321483,71.4790057022927,79.6965787085169,71.4075113412597,73.2832596564088,73.9289550481052,48.2610218212203,67.1244710664427,32.2502186637546,70.1539174942597,33.5109208329175,72.5126136427817,31.6271034192816,47.6085262371422,60.8495656423208,69.1925054905652,33.5056135124043,54.0544614356094,65.2417202536039,67.3051098801618,49.0183005320662,46.8807033083114,74.4909083490594,40.1278332478386,34.5329095882293,88.1979363323015,48.6712682009983,50.2243863889102,53.4561033623994,148.406550702359,70.6273456861648,46.5958896764557,38.2781328531165,84.7849465800858,75.9666491660649,77.9621579228367,42.124911960319,34.5272533899846,92.898490654193,80.9875767957903
"Zo_IVT_PR_3.PR_Jap_2",107.278817049792,71.4790057022927,79.6965787085169,71.4075113412597,73.2832596564088,73.9289550481052,48.2610218212203,67.1244710664427,32.2502186637546,70.1539174942597,33.5109208329175,72.5126136427817,31.6271034192816,47.6085262371422,60.8495656423208,69.1925054905652,33.5056135124043,54.0544614356094,66.2648033863639,67.3051098801618,49.0183005320662,46.8807033083114,74.4909083490594,40.1278332478386,34.5329095882293,92.0342642499201,48.6712682009983,92.7225223835731,53.4561033623994,148.099959821783,70.6273456861648,46.5958896764557,38.2781328531165,84.7849465800858,75.9666491660649,77.9621579228367,42.124911960319,34.5272533899846,92.898490654193,80.9875767957903
"Zo_IVT_PR_7.PR_Jap_2",78.4458537453919,81.9030487413752,86.6986138750495,77.1647353777666,82.385595569285,82.8339795401917,50.2665385585892,69.913870153546,33.5903965313837,80.540446355161,41.2616513264855,79.1026249303717,39.1641418550071,64.5229817635518,102.764100128752,80.9270399211804,41.8559779117918,56.3007281545397,65.1094218246035,70.1020155253664,51.0552864566205,48.8288600525415,83.5629353407411,44.5824100437047,41.0452130231689,94.6610778823243,50.6938329814886,57.6643375274253,58.877709819556,143.190310787462,73.5623089037745,48.5322108133123,39.8688044389054,92.2340389648121,82.0914532705184,87.6456484394093,53.1648355493455,38.8664461576509,94.7166739982201,91.5457382031079
"SW_IVT_PR_4.PR_Jap_2",90.7945880637848,72.4450250970761,91.6003010683921,80.9535354090954,76.1644598046187,77.2382566302848,61.9034864244979,86.0992707283724,41.3667365070377,71.1858026919111,34.1042051399698,86.2280382215978,38.8412560945936,78.0228216842867,86.9724136080168,85.5678452600946,38.0031603364664,69.3346202253739,62.6148908527262,86.3309726677598,62.8748332925784,60.132978360208,81.5334406566164,47.1974920718499,39.9384771158551,90.7609590682726,62.4297015820501,62.8413462024988,61.0338896858498,142.932584427254,90.5923407730133,59.7676533810063,49.0986263450007,97.4486829755647,86.1221558861691,81.0273133487171,46.5196691204312,35.3010431852761,94.5843632756964,86.9079461255918
"Zo_IVT_NP_10.NP_Jap_3",68.391578962861,66.2985221802976,73.9205216872646,66.2322094156733,67.9720117542022,68.5709099877114,66.6233283383062,96.1484957027942,48.7934752272621,65.069470529565,32.294971113728,67.2572187695263,30.4795083498058,44.1580699352567,56.4394571211765,64.1777374336009,32.289856370283,79.3646682484313,69.041640649757,100.183447216193,70.352812471331,65.4420286911498,74.2436054622901,35.0228707920378,30.1397193093355,98.9611275215128,72.7055478399169,47.8087823201487,53.3965735294896,148.869191637876,88.6744950266846,60.3461214937442,63.2813625840532,83.6792463966501,74.9759504476482,76.9454353111771,42.0315929154018,30.8538619723766,89.155715924676,81.6031917523748
"Zo_IVT_NP_13.NP_Jap_3",68.391578962861,66.2985221802976,73.9205216872646,66.2322094156733,67.9720117542022,68.5709099877114,66.586637249687,96.0955443858243,48.7666034727542,65.069470529565,32.294971113728,67.2572187695263,30.4795083498058,44.1580699352567,56.4394571211765,64.1777374336009,32.289856370283,79.3209601937818,70.8678638519737,100.128273753208,70.3140674650189,65.4059881730007,74.2436054622901,35.0228707920378,30.1397193093355,95.9921327540404,72.6655071249685,47.8087823201487,53.3965735294896,149.109223164614,88.6256598238144,60.3128874157301,63.2465119973229,83.6792463966501,74.9759504476482,76.9454353111771,42.0315929154018,30.8538619723766,89.155715924676,81.6031917523748
"Zo_IVT_NP_18.NP_Jap_3",68.391578962861,66.2985221802976,73.9205216872646,66.2322094156733,67.9720117542022,68.5709099877114,65.2364608407671,94.1470162367673,47.7777636653742,65.069470529565,32.294971113728,67.2572187695263,30.4795083498058,44.1580699352567,56.4394571211765,64.1777374336009,32.289856370283,77.7125700781355,73.1971568294964,98.0979740013148,68.888310000342,64.0797517706105,74.2436054622901,35.0228707920378,30.1397193093355,99.8162311913282,71.1920695477796,47.8087823201487,53.3965735294896,146.537883960793,86.8285984303944,59.0899237535586,61.9640632662803,83.6792463966501,74.9759504476482,76.9454353111771,42.0315929154018,30.8538619723766,89.155715924676,81.6031917523748
"Zo_IVT_NP_26.NP_Jap_3",68.391578962861,66.2985221802976,73.9205216872646,66.2322094156733,67.9720117542022,68.5709099877114,64.9169257326919,93.6858741603816,47.5437431087767,65.069470529565,32.294971113728,67.2572187695263,30.4795083498058,44.1580699352567,56.4394571211765,64.1777374336009,32.289856370283,77.3319256630541,72.4335055286113,97.6174797145236,68.5508877475499,63.7658823463107,74.2436054622901,35.0228707920378,30.1397193093355,101.518396447839,70.8433632362498,47.8087823201487,53.3965735294896,154.667795911068,86.4033027410529,58.8004950364056,61.660556708791,83.6792463966501,74.9759504476482,76.9454353111771,42.0315929154018,30.8538619723766,89.155715924676,81.6031917523748
"Zo_IVT_NP_28.NP_Jap_3",68.391578962861,66.2985221802976,73.9205216872646,66.2322094156733,67.9720117542022,68.5709099877114,65.5523676066827,94.6029220145586,48.0091269031661,65.069470529565,32.294971113728,67.2572187695263,30.4795083498058,44.1580699352567,56.4394571211765,64.1777374336009,32.289856370283,78.0888922508588,71.273897884429,98.5730122438901,69.2219008012704,64.3900571869626,74.2436054622901,35.0228707920378,30.1397193093355,99.4665070022747,71.5368162762168,47.8087823201487,53.3965735294896,155.325911333098,87.2490648592229,59.3760659886003,62.2641234868557,83.6792463966501,74.9759504476482,76.9454353111771,42.0315929154018,30.8538619723766,89.155715924676,81.6031917523748
"Zo_IVT_NP_10.NP_Jap_5",67.7104559643957,65.6382442790404,73.184335037632,65.5725919341602,67.2950672946675,67.8880010020352,66.7055969433973,89.1065318803551,52.770612143238,64.4214329561129,31.7188404758468,66.5873930510469,29.9357649129085,43.7182924442724,55.8773672725563,63.5385807769132,31.7138169775804,78.1290873795187,72.8119596188081,107.930741704441,72.3177616500369,60.0176935162302,70.9754948149269,35.5360288361719,30.5813290078485,99.6876405564763,64.7704969086403,49.8053759343928,48.9777581747039,150.085575589841,93.7353146198121,58.7344450248384,76.3382944424269,81.7535501660227,73.250541682847,75.1747031269943,35.404257417358,31.0142890970957,90.2152705653275,80.0957196732241
"Zo_IVT_NP_13.NP_Jap_5",67.7104559643957,65.6382442790404,73.184335037632,65.5725919341602,67.2950672946675,67.8880010020352,66.6688605474547,89.0574587442732,52.7415500826216,64.4214329561129,31.7188404758468,66.5873930510469,29.9357649129085,43.7182924442724,55.8773672725563,63.5385807769132,31.7138169775804,78.0860597893295,74.7379116790914,107.871301617802,72.2779344983825,59.9846403114977,70.9754948149269,35.5360288361719,30.5813290078485,96.696849216417,64.7348262193898,49.8053759343928,48.9777581747039,150.327568371919,93.6836923004046,58.7020985362862,76.2962530854985,81.7535501660227,73.250541682847,75.1747031269943,35.404257417358,31.0142890970957,90.2152705653275,80.0957196732241
"Zo_IVT_NP_18.NP_Jap_5",67.7104559643957,65.6382442790404,73.184335037632,65.5725919341602,67.2950672946675,67.8880010020352,65.3170168977565,87.2516417695552,51.6721103326549,64.4214329561129,31.7188404758468,66.5873930510469,29.9357649129085,43.7182924442724,55.8773672725563,63.5385807769132,31.7138169775804,76.5027097337061,77.1944058270234,105.683996586949,70.8123557264851,58.7683325117445,70.9754948149269,35.5360288361719,30.5813290078485,100.549021882761,63.4221989595208,49.8053759343928,48.9777581747039,147.735219208225,91.7840692458538,57.5117968200336,74.7491949179755,81.7535501660227,73.250541682847,75.1747031269943,35.404257417358,31.0142890970957,90.2152705653275,80.0957196732241
"Zo_IVT_NP_26.NP_Jap_5",67.7104559643957,65.6382442790404,73.184335037632,65.5725919341602,67.2950672946675,67.8880010020352,64.9970872175656,86.8242739690453,51.419014852814,64.4214329561129,31.7188404758468,66.5873930510469,29.9357649129085,43.7182924442724,55.8773672725563,63.5385807769132,31.7138169775804,76.1279913429818,76.3890520266268,105.166345156506,70.4655092935471,58.4804789826211,70.9754948149269,35.5360288361719,30.5813290078485,102.263683412076,63.111550298669,49.8053759343928,48.9777581747039,155.931559237529,91.3345011345849,57.2300979360715,74.3830654289012,81.7535501660227,73.250541682847,75.1747031269943,35.404257417358,31.0142890970957,90.2152705653275,80.0957196732241
"Zo_IVT_NP_28.NP_Jap_5",67.7104559643957,65.6382442790404,73.184335037632,65.5725919341602,67.2950672946675,67.8880010020352,65.6333137553955,87.6741567805937,51.9223318966829,64.4214329561129,31.7188404758468,66.5873930510469,29.9357649129085,43.7182924442724,55.8773672725563,63.5385807769132,31.7138169775804,76.8731731724685,75.1661189652561,106.195770051366,71.1552636953742,59.0529174451202,70.9754948149269,35.5360288361719,30.5813290078485,100.196730229205,63.7293201844055,49.8053759343928,48.9777581747039,156.595052004791,92.2285324816631,57.7902969946485,75.1111669826307,81.7535501660227,73.250541682847,75.1747031269943,35.404257417358,31.0142890970957,90.2152705653275,80.0957196732241
"Zo_IVT_PR_1.PR_Cont_6",73.6197365941926,71.3666772066811,79.5713363845119,71.2952951982744,73.1680957949387,73.8127764832091,47.6008900771835,66.3312771410304,33.2321809734956,70.0436713606437,33.204835196855,72.3986608433082,31.3382243963753,47.5337099455897,60.753941198471,69.083770205666,33.1995763529141,57.7565018526576,65.6539756653363,38.263529033312,16.1289146813408,46.460928780429,73.5179952174131,37.8926666370188,32.609386680592,89.6701813455129,45.8090368279448,94.9240720177215,82.1760827910792,134.471154871102,69.0159895669018,43.155555144873,42.8311932319379,83.9243380010324,75.1955506086988,77.1708039778704,41.0191970456839,34.1656995247991,95.5448633806921,82.5037296255949
"Zo_IVT_PR_2.PR_Cont_6",73.6197365941926,71.3666772066811,79.5713363845119,71.2952951982744,73.1680957949387,73.8127764832091,47.6008900771835,66.3312771410304,33.2321809734956,70.0436713606437,33.204835196855,72.3986608433082,31.3382243963753,47.5337099455897,60.753941198471,69.083770205666,33.1995763529141,57.7565018526576,63.3685931071055,38.263529033312,16.1289146813408,46.460928780429,73.5179952174131,37.8926666370188,32.609386680592,84.7002291003765,45.8090368279448,51.7739050872489,54.4934955436997,146.403049801421,69.0159895669018,43.155555144873,42.8311932319379,83.9243380010324,75.1955506086988,77.1708039778704,41.0191970456839,34.1656995247991,95.5448633806921,82.5037296255949
"Zo_IVT_PR_3.PR_Cont_6",107.110229532215,71.3666772066811,79.5713363845119,71.2952951982744,73.1680957949387,73.8127764832091,47.6008900771835,66.3312771410304,33.2321809734956,70.0436713606437,33.204835196855,72.3986608433082,31.3382243963753,47.5337099455897,60.753941198471,69.083770205666,33.1995763529141,57.7565018526576,64.3623029372971,38.263529033312,16.1289146813408,46.460928780429,73.5179952174131,37.8926666370188,32.609386680592,88.3844179492199,45.8090368279448,95.5831901292761,54.4934955436997,146.100597923488,69.0159895669018,43.155555144873,42.8311932319379,83.9243380010324,75.1955506086988,77.1708039778704,41.0191970456839,34.1656995247991,95.5448633806921,82.5037296255949
"Zo_IVT_PR_7.PR_Cont_6",78.3225769223358,81.774338973231,86.5623679274106,77.0434718185706,82.2561274839439,82.7038068242193,49.578974629912,69.0877145618995,34.6131648948164,80.4138779021436,40.8847712385217,78.9783159983985,38.8064202235933,64.4215845854201,102.602607440697,80.7998639404945,41.4736693000402,60.1566091605068,63.2400930417571,39.8535937482983,16.7991617488159,48.3916415334251,82.4715340017891,42.0991183657287,38.7589473004036,90.9070587923158,47.7126598059563,59.4433929953043,60.020316032463,141.257229563551,71.88399188014,44.9489110434303,44.6110700697375,91.2978184632294,81.2581849628614,86.7560023405891,51.7693394197297,38.4594542178172,97.4148407934875,93.2595483394843
"SW_IVT_PR_4.PR_Cont_6",90.6519053363647,72.3311785122817,91.4563521715728,80.8263177910325,76.0447681678246,77.1168775332241,61.0567481062181,85.0818561038821,42.626280715107,71.0739349617053,33.7927005001921,86.0925317785827,38.4864836717033,77.9002096516058,86.8357373870158,85.433376303282,37.6560430023301,74.0831564156896,60.817181482474,49.0798943056261,20.6882493022403,59.5945416299543,80.4685462038408,44.5685373076623,37.7138578600632,87.1616088327583,58.7583723341542,64.7801223224406,62.2183396545503,141.002982530856,88.5254852053185,55.3548023071005,54.9387495068016,96.4595312927596,85.2479739801606,80.2048465805192,45.2985985097958,34.9313865414489,97.2787609732633,88.5349330495625
"Zo_IVT_PR_1.PR_Sim2_3",71.2681344111664,69.0870434878097,77.0296249222776,69.0179416028395,70.8309201711289,71.4550081137032,48.0735433650273,66.7715998184609,34.6655521631415,67.8062978233435,33.1069349641899,70.0860629346012,31.245827628208,46.0153619964312,58.8133053396755,66.8770583598627,33.1016916252814,55.4939197512991,69.6121632650464,16.174934589715,16.1289146813408,44.9021288496221,74.2599353750857,39.3294203112838,33.8458173751554,93.3013479679732,48.9065400125241,95.3096110972526,76.5172172903051,134.315515787864,64.8841685178288,44.1014919413035,49.0689407729078,85.5485537146152,76.650835187633,78.6643162942754,45.7875647368169,32.3141042255886,93.3976900878925,80.2520901656365
"Zo_IVT_PR_2.PR_Sim2_3",71.2681344111664,69.0870434878097,77.0296249222776,69.0179416028395,70.8309201711289,71.4550081137032,48.0735433650273,66.7715998184609,34.6655521631415,67.8062978233435,33.1069349641899,70.0860629346012,31.245827628208,46.0153619964312,58.8133053396755,66.8770583598627,33.1016916252814,55.4939197512991,67.1889981458829,16.174934589715,16.1289146813408,44.9021288496221,74.2599353750857,39.3294203112838,33.8458173751554,88.1301390237093,48.9065400125241,51.9841875086282,50.7409272601418,146.233600550568,64.8841685178288,44.1014919413035,49.0689407729078,85.5485537146152,76.650835187633,78.6643162942754,45.7875647368169,32.3141042255886,93.3976900878925,80.2520901656365
"Zo_IVT_PR_3.PR_Sim2_3",103.688855574022,69.0870434878097,77.0296249222776,69.0179416028395,70.8309201711289,71.4550081137032,48.0735433650273,66.7715998184609,34.6655521631415,67.8062978233435,33.1069349641899,70.0860629346012,31.245827628208,46.0153619964312,58.8133053396755,66.8770583598627,33.1016916252814,55.4939197512991,68.2426173705584,16.174934589715,16.1289146813408,44.9021288496221,74.2599353750857,39.3294203112838,33.8458173751554,91.9635179754166,48.9065400125241,95.9714062514648,50.7409272601418,145.931498735315,64.8841685178288,44.1014919413035,49.0689407729078,85.5485537146152,76.650835187633,78.6643162942754,45.7875647368169,32.3141042255886,93.3976900878925,80.2520901656365
"Zo_IVT_PR_7.PR_Sim2_3",75.8207540227775,79.162257988685,83.7973450843097,74.5825067988892,79.6286569453739,80.062036265538,50.0712693187037,69.5463351216811,36.1061007145347,77.8452535146013,40.7642276913853,76.4555471200293,38.692004430042,62.3637948410727,99.325218430577,78.2189101742775,41.3513894618818,57.8000040546053,67.0527509889064,16.8470940430662,16.7991617488159,46.7680647033013,83.3038328527009,43.6953655650796,40.2285472226771,94.5883123894371,50.9388816592729,59.6848254426538,55.8871560641889,141.093736168026,67.5804704410416,45.9341568309709,51.1080310841237,93.0647356042617,82.8308017271697,88.4350201988828,57.7873812942551,36.375160741308,95.2256436239789,90.7143678971939
"SW_IVT_PR_4.PR_Sim2_3",87.7562522364419,70.020736161368,88.5350029876741,78.2445190213483,73.615704290336,74.6535677477664,61.6630114069813,85.6466495511839,44.4648384296164,68.803652176893,33.6930670214612,83.342516700578,38.3730111703768,75.4118782400892,84.0619824260383,82.7044163325947,37.5450189496788,71.1809857796304,64.4837654349877,20.7472781554596,20.6882493022403,57.5950988764902,81.2806309958922,46.2584159943959,39.1438317484201,90.6911915770368,62.7314802191624,65.0432301748665,57.9338178833958,140.839783404947,83.2256776470111,56.5681372806779,62.9397885575764,98.3263447843192,86.8978064624612,81.7570777356816,50.5644347314837,33.0382951657519,95.0926219164081,86.1186938111205
