"ENSBTAG00000003835-ENSBTAG00000002081","ENSBTAG00000031998-ENSBTAG00000039292","ENSBTAG00000008300-ENSBTAG00000011578","ENSBTAG00000005077-ENSBTAG00000015127","ENSBTAG00000000073-ENSBTAG00000018517","ENSBTAG00000011757-ENSBTAG00000022799","ENSBTAG00000004594-ENSBTAG00000011578","ENSBTAG00000010562-ENSBTAG00000011515","ENSBTAG00000003806-ENSBTAG00000016455","ENSBTAG00000005947-ENSBTAG00000015910","ENSBTAG00000021105-ENSBTAG00000013205","ENSBTAG00000020457-ENSBTAG00000008997","ENSBTAG00000013472-ENSBTAG00000011578","ENSBTAG00000000310-ENSBTAG00000022799","ENSBTAG00000007737-ENSBTAG00000007909","ENSBTAG00000005339-ENSBTAG00000019866","ENSBTAG00000026236-ENSBTAG00000019929","ENSBTAG00000011757-ENSBTAG00000007909","ENSBTAG00000038221-ENSBTAG00000006359","ENSBTAG00000007244-ENSBTAG00000015910","ENSBTAG00000021316-ENSBTAG00000003585","ENSBTAG00000006989-ENSBTAG00000011971","ENSBTAG00000021316-ENSBTAG00000019289","ENSBTAG00000039355-ENSBTAG00000011515","ENSBTAG00000047567-ENSBTAG00000000570"
15.2383717731081,16.9420599213632,17.7055978719162,101.018406810857,19.81660573145,79.7218553806769,11.7181518738522,14.4283982624691,28.6079427151863,81.3308831193095,17.917337897293,10.2565903457659,25.2142842881016,63.2275442778408,91.976774227761,13.4043682503073,118.557375567004,71.6558687913834,46.7454680574745,90.7193109089454,34.6962657705181,14.5207402592231,9.4810134191486,13.2954478843502,17.2037982971736
14.5935259223043,17.7022395845604,17.07707009649,101.089267444575,19.6073279741959,78.2626078607478,9.97559033061332,16.1390058880914,29.3291593483208,84.1346758627024,17.9315129745103,9.98904296648404,27.0429101873831,69.2770020835894,90.9718050871094,13.0400634524381,112.034451389107,70.3442629798667,46.2406128469733,97.152647386814,36.1068598883068,14.890426069559,9.86646878337083,13.2975271533942,17.7547199950302
14.7547014048165,18.1469065656098,18.2167904982458,94.3909710037634,19.6190361148426,77.1166953019869,8.68506620056433,14.4300487835666,30.8540736766467,84.9806579818534,18.8002025279845,9.75333145840757,27.8582444632576,67.827423031277,92.226635797376,14.327721168946,115.146378485398,69.3142899622433,46.5153026488106,112.757496947347,42.1977013471772,14.4412698879095,11.5308366432264,4.0120101623182,17.3383466187186
16.0255429129538,18.942206335795,18.684673547574,93.2434634931558,19.8209539967962,79.9316613880272,8.9432401549521,15.7536183373971,33.1103940309779,89.762019423738,18.1250820751869,10.790177036212,27.2261166036936,91.3790030535914,91.2666578255054,13.4992380578865,113.110494418741,71.8444473394182,46.5153026488106,99.6904457362765,49.0180109267206,14.9156714045392,13.3945371081146,4.0120101623182,18.462075799846
15.1812289530166,18.1213907661198,18.1291643542751,109.667265993011,18.9652344250821,75.9337783001658,10.5054318154341,14.4300487835666,30.8540736766467,86.2132223977672,18.9786938542169,9.94489965848682,28.8531419409943,70.386916353756,93.4685990153999,14.398893182062,115.777702044445,68.2510564854402,46.5153026488106,122.695298530455,39.4902002331773,14.5484062612683,10.7909917687384,4.0120101623182,17.3073735823431
14.4507282093926,17.8054337168975,17.8450198762847,81.253425677468,19.2268838045226,82.0330352745132,9.44511620962934,15.4354781586534,28.6299458666092,84.7396622777484,18.4216501209718,9.62914312582445,25.8948950738141,75.857166308068,92.1586688759133,12.5467509065067,115.211815190076,73.7332113524066,45.7940913979805,95.3938411758067,42.0108863909925,13.8842971746283,11.4797880630074,4.03920829943454,17.4730742182675
16.1294756609842,17.9354898158389,17.532883961246,98.3860398961117,18.7220864465002,75.5674528820169,8.51009021749562,15.2977271224156,29.0348818343975,82.8296931112273,18.7537426881272,10.2262779274233,26.0310259184961,61.8058724790921,91.1885511623091,12.6937079547928,111.174620765279,67.921794629046,46.6937298356454,91.0665894680929,52.7774078127748,14.2746575694369,14.4218203483436,4.0120101623182,17.5920888251538
15.2383717731081,16.9420599213632,17.7055978719162,100.617680413065,59.1855738742844,21.9080208664716,11.7181518738522,14.4283982624691,56.1519098891591,82.1798376580259,17.917337897293,43.8474190053735,25.2142842881016,17.3752900350891,127.622095316022,13.4043682503073,123.497254012193,99.4258843455519,50.2384368343565,91.6662644866214,32.0873168178067,14.5207402592231,15.6620238760237,13.2954478843502,17.2037982971736
14.5935259223043,17.7022395845604,17.07707009649,100.688259952204,58.5605312040076,21.5070113194246,9.97559033061332,16.1390058880914,57.5675199453423,85.0128971754145,17.9315129745103,42.7036410394332,27.0429101873831,19.0377155670381,126.227653419851,13.0400634524381,116.702541998306,97.6059696627437,49.6958572505543,98.1667539326184,33.3918428050753,14.890426069559,16.2987713259742,13.2975271533942,17.7547199950302
14.7547014048165,18.1469065656098,18.2167904982458,94.0165347501283,58.5954995044608,21.1921080080477,8.68506620056433,14.4300487835666,60.5606345780626,85.8677098928841,18.8002025279845,41.6959629602084,27.8582444632576,18.6393629700744,127.968789982376,14.327721168946,119.94413240329,96.17683371259,49.991072740571,113.934491283771,39.0246898921493,14.4412698879095,19.0481998951709,4.0120101623182,17.3383466187186
16.0255429129538,18.942206335795,18.684673547574,92.8735792470773,59.1985606886441,21.9656767547471,8.9432401549521,15.7536183373971,64.9893590927487,90.6989805247548,18.1250820751869,46.1285278732281,27.2261166036936,25.1114715794821,126.636775446576,13.4992380578865,117.823420043415,99.6875459403831,49.991072740571,100.731042532088,45.3321535172489,14.9156714045392,22.1269130968506,4.0120101623182,18.462075799846
15.1812289530166,18.1213907661198,18.1291643542751,109.232230737115,56.6428125139212,20.8670356645171,10.5054318154341,14.4300487835666,60.5606345780626,87.1131401614115,18.9786938542169,42.514926266123,28.8531419409943,19.3427263432511,129.692072294899,14.398893182062,120.601761045646,94.7015473127459,49.991072740571,123.976026423374,36.5207764565052,14.5484062612683,17.8260237862982,4.0120101623182,17.3073735823431
14.4507282093926,17.8054337168975,17.8450198762847,80.9311042945841,57.4242717045563,22.5431462922229,9.44511620962934,15.4354781586534,56.195097859307,85.624198608117,18.4216501209718,41.1650518415247,25.8948950738141,20.8459822518301,127.874482685756,12.5467509065067,120.012295630594,102.308294742664,49.2159703108658,96.3895888097405,38.8519222887118,13.8842971746283,18.963870926644,4.03920829943454,17.4730742182675
16.1294756609842,17.9354898158389,17.532883961246,97.9957557429036,55.9166108200608,20.7663673488287,8.51009021749562,15.2977271224156,56.9899095729805,83.6942926484548,18.7537426881272,43.7178319532121,26.0310259184961,16.9846065106837,126.528398781935,12.6937079547928,115.806885186989,94.244681018255,50.182832569445,92.0171680366416,48.8088665365847,14.2746575694369,23.8239188835327,4.0120101623182,17.5920888251538
15.2383717731081,16.9420599213632,17.7055978719162,98.147272699311,70.4194754044793,45.6581754326267,11.7181518738522,14.4283982624691,59.1326901852696,79.5790515446084,17.917337897293,33.3347962714774,25.2142842881016,36.2115795602964,124.480019725077,13.4043682503073,114.435467288773,96.9780037999716,45.7308303454623,88.7652567146454,41.5797931397045,14.5207402592231,17.5902651300585,13.2954478843502,17.2037982971736
14.5935259223043,17.7022395845604,17.07707009649,98.2161193398461,69.6757945703659,44.8224374916769,9.97559033061332,16.1390058880914,60.623446796054,82.3224518212235,17.9315129745103,32.4652443950088,27.0429101873831,39.6762155054615,123.119909202592,13.0400634524381,108.139326936332,95.2028956962146,45.2369333124479,95.0600219445407,43.270240521266,14.890426069559,18.3054061970228,13.2975271533942,17.7547199950302
14.7547014048165,18.1469065656098,18.2167904982458,91.7082011479854,69.7174001376098,44.1661522561097,8.68506620056433,14.4300487835666,63.7754485821912,83.1502118563257,18.8002025279845,31.6991618241265,27.8582444632576,38.846014874055,124.818178715489,14.327721168946,111.143061033258,93.8089452926859,45.5056608115502,110.328749885215,50.5694677517009,14.4412698879095,21.3933326279335,4.0120101623182,17.3383466187186
16.0255429129538,18.942206335795,18.684673547574,90.593307970359,70.4349272214427,45.7783351986617,8.9432401549521,15.7536183373971,68.4392684800323,87.8285848684442,18.1250820751869,35.0689986739876,27.2261166036936,52.3344386850619,123.518958582174,13.4992380578865,109.177958960111,97.2332232461437,45.5056608115502,97.5431572298841,58.7428851258302,14.9156714045392,24.8510838040035,4.0120101623182,18.462075799846
15.1812289530166,18.1213907661198,18.1291643542751,106.550314951582,67.3940773327145,43.488673894204,10.5054318154341,14.4300487835666,63.7754485821912,84.3562273749592,18.9786938542169,32.3217748667125,28.8531419409943,40.3118838578908,126.499033552761,14.398893182062,111.752435238316,92.3699806706274,45.5056608115502,120.052495578006,47.3248149412162,14.5484062612683,20.0206874346385,4.0120101623182,17.3073735823431
14.4507282093926,17.8054337168975,17.8450198762847,78.9440496983024,68.3238638102676,46.9818307407634,9.44511620962934,15.4354781586534,59.178170755094,82.9144070940577,18.4216501209718,31.295539116541,25.8948950738141,43.444796794772,124.726193278999,12.5467509065067,111.206222686777,99.7894488103344,44.800103872546,93.339099648426,50.3455898483858,13.8842971746283,21.2986214382255,4.03920829943454,17.4730742182675
16.1294756609842,17.9354898158389,17.532883961246,95.5897226291547,66.5300366726015,43.2788725777719,8.51009021749562,15.2977271224156,60.0151744280421,81.0455778262354,18.7537426881272,33.2362783180559,26.0310259184961,35.3973619271903,123.413250167664,12.6937079547928,107.309390217875,91.9243624944869,45.6802151319847,89.1050550458425,63.2481234095709,14.2746575694369,26.7570176699759,4.0120101623182,17.5920888251538
55.0041813387929,16.9420599213632,77.4050241970318,98.0521253764434,82.5435289778638,102.580233507456,51.2292121340186,14.4283982624691,58.6328872697869,81.3726147701158,17.917337897293,28.8294827431109,110.231368607273,81.3565643342514,107.940953911398,13.4043682503073,123.244846933022,84.0929995167999,49.1821295628452,90.7658598514756,42.5908965674478,14.5207402592231,43.3530197822136,13.2954478843502,17.2037982971736
52.6765561409502,17.7022395845604,74.6572374226273,98.1209052746905,81.6718093274641,100.702580878516,43.6111119492646,16.1390058880914,60.1110436674234,84.1778461662716,17.9315129745103,28.077453823758,118.225723443814,89.1405627289702,106.761554779343,13.0400634524381,116.464022138143,82.5537415504326,48.6509581914768,97.2024973355685,44.3224508668859,14.890426069559,45.1155585838714,13.2975271533942,17.7547199950302
53.2583325669009,18.1469065656098,79.6398472115737,91.6192960813008,81.7205780853357,99.2281046850617,37.9692210492266,14.4300487835666,63.2364040192308,85.0242623669058,18.8002025279845,27.4149099738665,121.790187621148,87.2753507746865,108.234183331504,14.327721168946,119.698987291638,81.3449986807385,48.9399665164537,112.815353893048,51.7991747396868,14.4412698879095,52.726071254117,4.0120101623182,17.3383466187186
57.8455416078174,18.942206335795,81.6853301721958,90.5054837192511,82.5616411193411,102.850196482132,39.0979014434723,15.7536183373971,67.8608042530091,89.8080771708889,18.1250820751869,30.3293016659285,119.026662061654,117.579795730494,107.107584373369,13.4992380578865,117.582609301922,84.3143091738629,48.9399665164537,99.7415978535367,60.1713465976489,14.9156714045392,61.2480550917556,4.0120101623182,18.462075799846
54.7979195356735,18.1213907661198,79.2567647625421,106.447021432164,78.9972510203543,97.7060138896666,45.9274637183394,14.4300487835666,63.2364040192308,86.2574592233616,18.9786938542169,27.953374700655,126.139663074893,90.5687189662189,109.691711012834,14.398893182062,120.355271854516,80.0972224167823,48.9399665164537,122.758254656806,48.4756211139072,14.5484062612683,49.343045826195,4.0120101623182,17.3073735823431
52.161115816176,17.8054337168975,78.014546885834,78.8675186365771,80.0871179444162,105.554090200271,41.2919944324371,15.4354781586534,58.677983427515,84.7831430056096,18.4216501209718,27.0658382774837,113.206850978325,97.6074352000295,108.154419560719,12.5467509065067,119.767011205066,86.5309012536267,48.1811612963007,95.4427886643417,51.5698527564871,13.8842971746283,52.4926457741343,4.03920829943454,17.4730742182675
58.2206955812751,17.9354898158389,76.6499565324826,95.4970546827952,77.9844493080946,97.2346532225823,37.2042640959901,15.2977271224156,59.5079125554915,82.8721938157167,18.7537426881272,28.744279833367,113.80198543257,79.5272613860168,107.015920931125,12.6937079547928,115.570195894813,79.7108113998247,49.1276944264547,91.1133166025595,64.7861395839873,14.2746575694369,65.9454253692448,4.0120101623182,17.5920888251538
15.2383717731081,16.9420599213632,17.7055978719162,105.688875044017,68.5028695368667,21.9080208664716,11.7181518738522,54.6456183804187,55.9860387916975,81.8174775965779,17.917337897293,10.2565903457659,25.2142842881016,17.3752900350891,102.972599071502,13.4043682503073,123.197049077031,80.2223290621581,49.826312554304,91.2620754035241,39.1150129677157,56.8268662178583,27.9837738095189,50.3547211595069,73.6425818681506
14.5935259223043,17.7022395845604,17.07707009649,105.763011836498,67.779429453513,21.5070113194246,9.97559033061332,61.1243147546062,57.3974671772294,84.6380451493915,17.9315129745103,9.98904296648404,27.0429101873831,19.0377155670381,101.847485853862,13.0400634524381,116.418854078813,78.7539207547009,49.2881839493625,97.7339018851954,40.7052534729741,58.2736303436236,29.12146819399,50.3625961114331,76.0008573801349
14.7547014048165,18.1469065656098,18.2167904982458,98.7550274711711,67.8199026426209,21.1921080080477,8.68506620056433,54.6518695071467,60.381740236975,85.4890886943042,18.8002025279845,9.75333145840757,27.8582444632576,18.6393629700744,103.252331595798,14.327721168946,119.652564620839,77.6008144461934,49.5809776786926,113.43211368801,47.5717947954255,56.5158591976718,34.033948713421,15.1949490359358,74.2185294358588
16.0255429129538,18.942206335795,18.684673547574,97.554466289012,68.5179008019461,21.9656767547471,8.9432401549521,59.6647112254613,64.7973824291353,90.2990565398355,18.1250820751869,10.790177036212,27.2261166036936,25.1114715794821,102.177588241893,13.4992380578865,117.537007422685,80.4334521786549,49.5809776786926,100.286883626426,55.2607057408322,58.3724278737724,39.5347712470959,15.1949490359358,79.0287647565323
15.1812289530166,18.1213907661198,18.1291643542751,114.737604144322,65.5598136816961,20.8670356645171,10.5054318154341,54.6518695071467,60.381740236975,86.729027418902,18.9786938542169,9.94489965848682,28.8531419409943,19.3427263432511,104.642771536586,14.398893182062,120.308594657902,76.4104713900744,49.5809776786926,123.42937213647,44.519479543846,56.9351370200996,31.8502526562052,15.1949490359358,74.0859462511698
14.4507282093926,17.8054337168975,17.8450198762847,85.0100830574694,66.4642941738202,22.5431462922229,9.44511620962934,58.4597980755155,56.0290991858463,85.2466511371889,18.4216501209718,9.62914312582445,25.8948950738141,20.8459822518301,103.176239227777,12.5467509065067,119.720562152659,82.5480179598869,48.8122336978353,95.9645729138782,47.3611879975049,54.3361484322703,33.8832757991458,15.2979583232094,74.7952444210204
16.1294756609842,17.9354898158389,17.532883961246,102.934803714784,64.7192896040274,20.7663673488287,8.51009021749562,57.9380845477333,56.8215630489929,83.325254817629,18.7537426881272,10.2262779274233,26.0310259184961,16.9846065106837,102.090143925851,12.6937079547928,115.525374486716,76.041846273433,49.7711644315236,91.6114316952926,59.4988810799705,55.8638224720596,42.5668587004074,15.1949490359358,75.3046983671626
15.2383717731081,16.9420599213632,63.2808140503745,94.9800125316413,19.81660573145,53.4935829514305,41.8813414326707,14.4283982624691,50.3926737013017,80.1313456717191,17.917337897293,10.2565903457659,90.1172864644956,42.4258550994753,124.80452418621,33.6661897605373,114.434273936839,97.2308138086327,46.0465464081673,89.3813048959622,29.2383659839653,14.5207402592231,9.4810134191486,13.2954478843502,17.2037982971736
14.5935259223043,17.7022395845604,61.0344200245997,95.0466374576422,19.6073279741959,52.5144238753998,35.6533273443161,16.1390058880914,51.6630913200494,82.8937856809231,17.9315129745103,9.98904296648404,96.652899457473,46.4850578287363,123.440868018944,32.7512078511544,108.138199241588,95.4510782112431,45.5492396136098,95.719757023358,30.4270664436493,14.890426069559,9.86646878337083,13.2975271533942,17.7547199950302
14.7547014048165,18.1469065656098,65.1078455781825,88.7487329472282,19.6190361148426,51.7455134150943,31.0409206867196,14.4300487835666,54.3492163215854,83.7272905319934,18.8002025279845,9.75333145840757,99.56695054311,45.5123863209138,125.143564716496,35.9852676905342,111.14190201508,94.0534939464285,45.8198223510123,111.094452911707,35.5597874373905,14.4412698879095,11.5308366432264,4.0120101623182,17.3383466187186
16.0255429129538,18.942206335795,66.7800862139435,87.669817914033,19.8209539967962,53.6343633560549,31.9636490869944,15.7536183373971,58.3237074799818,88.4381323645977,18.1250820751869,10.790177036212,97.3076896118212,61.3155609151957,123.840957672332,33.9044632013193,109.176820434341,97.4866985812486,45.8198223510123,98.220125751527,41.307227491302,14.9156714045392,13.3945371081146,4.0120101623182,18.462075799846
15.1812289530166,18.1213907661198,64.7946647546559,103.111884528429,18.9652344250821,50.9517728723107,37.5470109532891,14.4300487835666,54.3492163215854,84.9416760333701,18.9786938542169,9.94489965848682,103.122770727398,47.2298133389614,126.828801340455,36.1640221424008,111.751269865483,92.6107781164228,45.8198223510123,120.885683294695,33.2781900748182,14.5484062612683,10.7909917687384,4.0120101623182,17.3073735823431
14.4507282093926,17.8054337168975,63.7791162255847,76.3964868653545,19.2268838045226,55.0443909798721,33.7573826577055,15.4354781586534,50.4314320853315,83.4898492387186,18.4216501209718,9.62914312582445,92.5498281319906,50.9003660161257,125.05133948502,31.5122122138777,111.205063009938,100.049587918478,45.1093943948603,93.9868911911126,35.4023594278077,13.8842971746283,11.4797880630074,4.03920829943454,17.4730742182675
16.1294756609842,17.9354898158389,62.6635247080941,92.5049958446473,18.7220864465002,50.7059675150546,30.4155465689998,15.2977271224156,51.1447237154858,81.6080499315561,18.7537426881272,10.2262779274233,93.0363675152503,41.4719094351035,123.734973688682,31.8813071075617,107.308271177848,92.1639982672167,45.9955817578701,89.7234614938021,44.4752520493463,14.2746575694369,14.4218203483436,4.0120101623182,17.5920888251538
63.6050104960779,47.9464418993999,17.7055978719162,99.0735785797703,19.81660573145,92.4249276563516,11.7181518738522,14.4283982624691,58.5582584025438,80.7511972145334,74.8302254647848,10.2565903457659,25.2142842881016,73.3023733311736,128.957102612306,13.4043682503073,112.772524719849,100.465941560661,47.2560863664936,90.0727089810189,38.4210309228263,65.2956453094149,40.1964665450873,13.2954478843502,17.2037982971736
60.9134219379675,50.0977688468762,17.07707009649,99.1430749892314,19.6073279741959,90.7331601251252,9.97559033061332,16.1390058880914,60.0345333793139,83.5350059239294,74.8894264593873,9.98904296648404,27.0429101873831,80.3157663008508,127.548073977835,13.0400634524381,106.567878028072,98.6269894268995,46.7457164328631,96.4601918503457,39.9830572393634,66.9580174141901,41.8306740889022,13.2975271533942,17.7547199950302
61.5861688960769,51.356187225186,18.2167904982458,92.5737356011941,19.6190361148426,89.4046551017756,8.68506620056433,14.4300487835666,63.1559157229821,84.3749583051584,78.5174338965412,9.75333145840757,27.8582444632576,78.635207834137,129.307423922683,14.327721168946,109.527962744139,97.1829038168447,47.0234067746019,111.953817838855,46.7277717739213,64.9382896178134,48.8870618440639,4.0120101623182,17.3383466187186
66.8906652469647,53.6069049301629,18.684673547574,91.4483201535329,19.8209539967962,92.6681646577814,8.9432401549521,15.7536183373971,67.7744299469255,89.1222405912883,75.6978512114169,10.790177036212,27.2261166036936,105.939553290738,127.961475677993,13.4992380578865,107.591416956618,100.730340300165,47.0234067746019,98.9799020409696,54.2802653763178,67.0715385163623,56.7885561332333,4.0120101623182,18.462075799846
63.3664961898373,51.2839768916467,18.1291643542751,107.555928053097,18.9652344250821,88.0332492583626,10.5054318154341,14.4300487835666,63.1559157229821,85.5987376176622,79.2628876163986,9.94489965848682,28.8531419409943,81.6025369816768,131.048732850857,14.398893182062,110.128481702392,95.6921849944015,47.0234067746019,121.820787736861,43.7296109714707,65.4200514639513,45.7503560478407,4.0120101623182,17.3073735823431
60.3173838465099,50.3898107528444,17.8450198762847,79.689117140847,19.2268838045226,95.1043765159978,9.44511620962934,15.4354781586534,58.6032971611683,84.1356802980392,76.9364422263849,9.62914312582445,25.8948950738141,87.9444297270881,129.212130112491,12.5467509065067,109.590206551076,103.378503781417,46.294317462333,94.7139215313717,46.5209015805727,62.4337414966988,48.6706321802473,4.03920829943454,17.4730742182675
67.3244808558625,50.7578726780471,17.532883961246,96.491890562584,18.7220864465002,87.6085526665758,8.51009021749562,15.2977271224156,59.4321699422105,82.2393244375825,78.3233983589237,10.2262779274233,26.0310259184961,71.654168926961,127.851965325352,12.6937079547928,105.750001706023,95.2305395914415,47.2037829886304,90.4175123120851,58.4432466310036,64.1890813366271,61.1439087282202,4.0120101623182,17.5920888251538
68.198889960084,66.8353795006007,80.3748001104907,67.593154642087,85.0663341551584,99.7282791462714,28.8379598923668,65.1103260995575,71.6890292525154,89.7844394357669,80.8127288985145,12.3539432604156,109.073968129259,90.0449616076386,134.8482250475,50.2631130162529,97.0177338783977,104.321876477504,43.722034500105,110.295318282056,52.5479031353368,46.8235717898902,51.904851078699,31.2827510178056,59.2118784887044
74.320259551684,66.423936909272,78.4246053071305,72.6736219185991,85.0935215685376,101.296035631652,53.7794999207196,61.5820204443698,77.1801342808904,87.9605359266689,82.906471881995,10.1408612464781,112.015912823017,120.438562825078,138.285285811163,52.0292789239096,109.006817392557,105.961845599751,43.2137906235386,103.919369675961,76.0208713671085,48.6091955569767,75.0905701607195,50.8129986337653,59.7099035191225
72.5414988240902,71.182392389699,77.7194535214989,75.0039320244028,82.188845656888,102.986810910543,32.1147753655884,61.2489674466756,66.2657620307014,91.7367799341647,83.4789623378387,10.6073446451859,111.384551209538,98.3279150287179,137.832888328828,49.8443978714878,108.751710316806,107.730499900273,43.3687370088055,103.779161919454,67.4495729557471,47.9118472449446,66.6241625393347,54.8274029219178,58.7676698756887
73.0829450733779,72.2251222803112,72.4176826029718,73.3812907404161,84.4093261593457,106.034422413139,36.1194672967295,64.0479678600603,68.6914930691416,92.7494498912012,82.085816068547,10.790177036212,105.157109490995,86.4006966043392,134.981415417103,45.7062516393104,107.560440299294,110.91848783556,41.8441730742602,91.09335654407,75.0024504537028,46.4006695918079,74.0846121168826,16.0887427646936,60.2722450496234
74.2685340477104,64.3389220820735,70.839542135907,76.8569504280822,84.4185846639502,98.712103618805,39.2803644980103,68.0824748069364,64.584558197403,90.7417447326721,82.4190909427652,11.7685412673115,112.74573808246,90.7502393982142,137.333121519726,47.1837051968419,105.128977025883,103.258894755937,44.2186924850241,102.056159465325,76.9456841845311,49.452889526291,76.0040656324677,16.0887427646936,60.999407779348
72.5872704032269,68.5938152000236,76.7760809318758,80.0851525169236,86.1139652765571,102.978981854388,39.2803644980103,60.2629014272021,67.3478188360536,94.7745296392581,83.6781726866223,11.3179115582949,114.745577955843,106.196897432497,138.142358156628,49.0878620732427,107.00648531138,107.722310228937,41.7042657022374,105.721296834796,69.454627748514,48.8717290578388,68.6046805850341,17.0112836741246,58.0616511623152
72.4414054313238,64.3884126188008,76.1587300405911,81.5778032103348,82.2662010055386,104.179111134896,28.2026519062674,61.5361593355756,64.6701759955919,79.0389552900622,85.4278441694559,10.2644730430404,104.770370838709,97.1354291386115,138.356619060007,46.0322644187005,111.427612798126,108.977718821464,42.0046823617831,109.109781590055,62.2751249759771,49.0885895227547,61.5130365803652,16.0887427646936,55.1142689021125
70.8239487510039,80.7648720608968,64.555118823246,74.3981784164004,93.3769020391389,89.0501162411026,23.1619602775069,65.3047594766934,71.9749121497309,93.5673572872655,46.5605716907071,12.3539432604156,87.6056047844309,80.4036163736977,143.26293786958,64.1808599385678,88.3399115535678,110.831703590983,47.5486169160363,114.942427860152,55.3670804400155,60.4093847841449,53.2669942685951,31.3761680115585,66.885815021
77.1809373544133,80.2676786807236,62.988768958782,79.9901279692518,93.4067455308212,90.4500090143065,43.194409228567,61.7659175452313,77.4879147129281,91.6666066408759,47.766889947905,10.1408612464781,89.9685044621396,107.542896671807,146.914475904028,66.4360733534419,99.2566227043005,112.574009019073,46.9958911871656,108.297839276419,80.099365511548,62.7131055192839,77.0611780450336,50.9647371293099,67.4483847436736
75.3337099481442,86.0178674423615,62.4224078947757,82.5550449040381,90.2182968836415,91.9597486429428,25.7938201632531,61.4318699799625,66.5300179180116,95.6019564016329,48.0967325763482,10.6073446451859,89.461409901126,87.7996927051154,146.433848202911,63.6462034788369,99.0243338679444,114.453029755751,47.1643985862338,108.151724099558,71.0682198272954,61.8134222849686,68.3725858061289,54.9911292883532,66.3840363934807
75.8959971266221,87.2779178354113,58.1641521834252,80.7690422179512,92.6557075516459,94.6810445570716,29.0102930267615,64.2392288079887,68.965422333597,96.6572935210667,47.2940658723386,10.790177036212,84.4596775229083,77.1495521811208,143.404439499569,58.3622135348235,97.9396178703996,117.839952478249,45.5064037715706,94.93142343839,79.02630665915,59.8637779320096,76.0288205631816,16.1367871959998,68.083606468566
77.1272208724488,77.7481155837228,56.8966274713128,84.5946182089949,92.6658705672039,88.1427452364398,31.5490501264525,68.2857836565994,64.8421097475547,94.5649970488036,47.4860835022992,11.7685412673115,90.5546826707166,81.033378260403,145.902895264551,60.2487707763338,95.7256386118438,109.702390362873,48.0887427480845,106.356125806074,81.0737942251415,63.8015964584433,77.998646452066,16.1367871959998,68.9050104346603
75.3812433314137,82.8897920561506,61.6647135734959,88.147823503844,94.5268816352688,91.9527578639316,31.5490501264525,60.4428593561884,67.6163897704176,98.7676966322562,48.2115084025391,11.3179115582949,92.160906269111,94.8261229589453,146.762629369271,62.6801845597544,97.4352117924527,114.444329037774,45.3542516104898,110.175687635621,73.1808451343766,63.0518128554836,70.4050787465125,17.0620830101488,65.586516735781
75.2297638381158,77.8079206883974,61.1688720897505,89.7907486371626,90.303209474326,93.0243862209881,22.6516960843067,61.7199194853451,64.9280689740549,82.3691300598728,49.219588510983,10.2644730430404,84.1490582788475,86.7348893410254,146.990260444711,58.778498545373,101.460888290274,115.778076835558,45.6809609419116,113.706940553724,65.616164456204,63.3315951695787,63.1273281567099,16.1367871959998,62.2571498978467
70.381275650037,19.7171215685232,70.7173122612695,75.4383669918366,85.1709682131365,93.946738272181,25.3729155392361,74.8307062625658,69.3576728505087,89.1157612858539,78.4547231549249,12.3539432604156,95.9681125572817,84.8247910552429,136.584094729192,63.9111507283086,82.4522296533863,105.664787609266,43.1329410669841,109.473883411644,50.6435055220903,61.2736525974451,52.125499862933,35.952981542728,84.167716231576
76.6985309724376,19.5957417895452,69.0014444184887,81.1084996691018,85.1981890678227,95.4236073154198,47.3175881485279,70.7756566275173,74.670204908996,87.3054414715671,80.4873735599473,10.1408612464781,98.5565659192544,113.456386056856,140.06539997269,66.1568869901861,92.6413634099227,107.325867670698,42.6315450677759,103.145420289054,73.2657858670158,63.6103323122083,75.4097820006355,58.3989176965478,84.8756422509211
74.8628493483303,20.9995348986296,68.3810206171536,83.7092776605605,82.2899403205646,97.016363391859,28.2560030582572,70.3928818430351,64.1107724855095,91.0535615427503,81.0431595213205,10.6073446451859,98.0010659825975,92.6275573701964,139.607178883307,63.3787410719339,92.4245561690694,109.117289444627,42.7844037666144,103.006256743146,65.005121358495,62.6977774476925,66.9073834745537,63.0126360742841,83.5362884599498
75.421622045996,21.3071508973709,63.7162875283273,81.8983042073216,84.5131520784354,99.8872959161202,31.7795085527079,73.6097475893767,66.4576177635345,92.0586895439913,79.6906633692743,10.790177036212,92.5218866876729,81.3917947838715,136.718999627292,58.116956202084,91.4121343659976,112.346315603446,41.2803812046856,90.4149301095337,72.28427372144,60.720239831664,74.3995476046899,18.490645894138,85.674992036344
76.6451502362492,18.980641058058,62.3277695842933,85.777366997707,84.522421971269,92.9894734207795,34.5606060372611,78.2465697701524,62.4842420849623,90.0659369605345,80.0142137350108,11.7685412673115,99.1986985366567,85.4891818235145,139.100978692887,59.9955855058228,89.3457124841556,104.588122372458,43.6229072782754,101.296086513627,74.1570823837468,64.7143961244758,76.3271607638499,18.490645894138,86.7086296754759
74.9100856322353,20.2358781120637,67.5509995918149,89.3802509759937,86.2198879511964,97.008988209054,34.5606060372611,69.2596051252087,65.157640363256,94.0686873180685,81.2365571825112,11.3179115582949,100.958246312877,100.04035178202,139.920632443865,62.4167816839952,90.9413459641751,109.108994349565,41.1423588893635,104.933927424037,66.9375106149808,63.9538854823765,68.8963207506305,19.5509137801147,82.5327063369347
74.7595529358643,18.9952412733396,67.0078269096591,91.0461464560378,82.3673908185374,98.1395424748436,24.813943409,70.7229488718258,62.5670755575157,78.4503051550661,82.9351756262735,10.2644730430404,92.1816168767421,91.5042033850466,140.137651477773,58.5314918452747,94.6987190164149,110.380563523466,41.4387278534311,108.297176116884,60.0182014396861,64.2376705991763,61.7745299948327,18.490645894138,78.3431004667199
52.7254396404753,19.7171215685232,79.8449274036182,77.0707652916611,20.0414055015044,82.2844313898176,28.6478449826209,63.6720655974372,65.4908939678873,90.9768114649083,84.3501200833876,12.3539432604156,108.35489550124,74.2948592799369,130.951943173763,14.7813808389515,83.0381537070306,101.30761777139,45.5875278659429,111.760082703277,48.3618569980654,39.9537856826741,45.5301941663102,30.5917278286762,18.9299769639047
57.4579492620812,19.5957417895452,77.9075893040752,82.8635930286318,20.047810784881,83.5779657018663,53.4249573382427,60.2216987726511,70.507245576069,89.1286858128447,86.5355118463872,10.1408612464781,111.27744535736,99.3722015892111,134.289694083347,15.3007750694164,93.2996937354029,102.900201902383,45.0575986860551,105.299459037395,69.9649327672617,41.4774291505452,65.8683758535926,49.6905602540605,19.0891950565221
56.0827664485122,20.9995348986296,77.2070862477082,85.5206488232928,19.3634767486964,84.9730011283521,31.9030579749364,59.8960027796041,60.5365150024213,92.9550797990901,87.1330617541208,10.6073446451859,110.650246009749,81.1290102180295,133.850368097574,14.658245051166,93.081345813625,104.617753003811,45.2191561875951,105.157389267736,62.076437064771,40.882393275663,58.4417639881947,53.6162879916094,18.7879639248629
56.5013655129851,21.3071508973709,71.9402673751452,83.6704880161388,19.8866161386785,87.4875434601247,35.8813488829853,62.6331744174144,62.7525206575338,93.9811984042343,85.6789337137715,10.790177036212,104.463858843077,71.2880263515306,131.081285163289,13.4412986315261,92.0617295139417,107.713627753317,43.6295434981552,92.3031114978943,69.0276408176455,39.592930174625,64.9859638225935,15.7333490102245,19.2689750684036
57.4179596091818,18.980641058058,70.3725308351814,87.6334892022827,19.8887974181113,81.4459989393069,39.0214077972174,66.5785607541687,59.0006657499907,91.9468301458537,86.0267969284438,11.7685412673115,112.002459227098,74.8767742840479,133.365041466373,13.8757883078554,89.9806231743156,100.275349664425,46.1053768175348,103.411504675618,70.8160735846409,42.1973393740329,66.6696810367185,15.7333490102245,19.5014482490226
56.1181530454852,20.2358781120637,76.269932863445,91.3143353888613,20.2882246495078,84.9665414818049,39.0214077972174,58.9317185556345,61.5250186583564,96.0331719934016,87.3409920773605,11.3179115582949,113.989115110405,87.6215993638003,134.150896156358,14.435762934936,91.5875955840484,104.609799963457,43.4836666812673,107.125316484777,63.9217661335891,41.7014446800532,60.1790461361359,16.6355113678786,18.5622504646355
56.0053829582266,18.9952412733396,75.656651872022,93.016278904643,19.3817014662115,85.9567516437193,28.0167252789412,60.1768507170133,59.0788811506094,80.0886231400002,89.1672514017898,10.2644730430404,104.079669774196,80.1451065124029,134.358966241329,13.5371724992861,95.3716693726912,105.828934991824,43.7969012549786,110.558801626169,57.3141935058404,41.8864881572397,53.9583572837325,15.7333490102245,17.6199753719765
62.7756012593018,80.9031069212146,58.6988459895365,76.2828438907489,20.0414055015044,96.1303656366649,21.0607673555325,51.3916294664619,70.8823208617741,93.113571194933,67.9983046955035,12.3539432604156,79.658251689404,86.7963947355988,112.451073724331,54.7854079653593,92.0843158346075,86.9948938423194,46.5343267219784,114.384976237128,10.9733195620277,41.6343039802209,10.9733195620277,24.6914989573302,18.9299769639047
68.4101894009563,80.4050625589782,57.2745913194824,82.0164495228334,20.047810784881,97.6415619137799,39.2759245298401,48.6067351534068,76.3116351175997,91.2220388724688,69.7600441551816,10.1408612464781,81.8067952410055,116.093481009013,115.317267722759,56.710480130193,103.463746261925,88.3624779436784,45.9933915418798,107.772612800882,15.8750638012445,43.2220342594653,15.8750638012445,40.1067381212832,19.0891950565221
66.77287867293,86.1650931803255,56.759609061273,84.6463413063924,19.3634767486964,99.2713388151826,23.4538717431558,48.3438561712923,65.5200810414842,95.1383028426076,70.2417551551977,10.6073446451859,81.3457029824571,94.780522685425,114.940009641528,54.3290199971128,103.221611555249,89.837373702008,46.15830440101,107.627206258283,14.0851618086354,42.6019702512448,14.0851618086354,43.2753104517283,18.7879639248629
67.2712682195711,87.4273002398273,52.887651256207,82.8150953405477,19.8866161386785,102.209001136953,26.3785545364995,50.5531093072878,67.9185156078869,96.1885217528559,69.0695192241024,10.790177036212,76.7977147841276,83.2836044794844,112.5621422984,49.8185546489588,102.090918431924,92.4958637653136,44.5356773423697,94.4710218525099,15.6623919824914,41.2582703288824,15.6623919824914,12.6988567908582,19.2689750684036
68.3625771947418,77.8811870493667,51.7351130962521,86.7375813788974,19.8887974181113,95.150850840635,28.6870021811802,53.7375486814155,63.8577956013209,94.1063725698578,69.3499469086186,11.7685412673115,82.3397968838634,87.4762281034645,114.52324987865,51.4289383089017,99.7830967269801,86.1084644073199,47.0629307817746,105.840316317333,16.0681879027809,43.972225025397,16.0681879027809,12.6988567908582,19.5014482490226
66.8150104202733,83.0316638691588,56.0706508023048,90.3807969869695,20.2882246495078,99.2637922091725,28.6870021811802,47.5655535188871,66.5899615862114,98.2886897605987,70.4093768427674,11.3179115582949,83.8003080461938,102.365614518348,115.19807914455,53.5044168267151,101.565132433571,89.8305442659149,44.3867708371039,109.641353908435,14.5038675165252,43.4554722301723,14.5038675165252,13.4270190260255,18.5622504646355
66.6807448725606,77.9410945147593,55.619790771061,92.0653409386733,19.3817014662115,100.420624228477,20.5967930056031,48.5705369456683,63.9424499522861,81.9696535037066,71.8816040058442,10.2644730430404,76.5152741117089,93.6310583046714,115.376753121413,50.1738995937702,105.761442567395,90.8774400937445,44.7065109212025,113.155480838275,13.0046073459222,43.6482989234907,13.0046073459222,12.6988567908582,17.6199753719765
57.5814060774695,19.7171215685232,57.8724959137706,76.5433021029655,84.6249082608902,90.7748430399515,20.7642782779953,16.2364016756191,66.1417206863935,91.2831985361866,17.8397315046511,12.3539432604156,78.5368394842875,81.9608773604057,138.067491351795,14.7813808389515,94.2557966241408,106.812379423514,46.1167335394248,112.136462616729,50.7008278789395,44.2231804405148,44.46894357114,7.80090258289962,50.4084683640114
62.7497756566589,19.5957417895452,56.4682916030493,82.2964844130594,84.6519545934484,92.2018490015865,38.723006279679,15.3565567833605,71.2079231281526,89.4288488606958,18.3019336004614,10.1408612464781,80.6551362891817,109.625792503335,141.586605949675,15.3007750694164,105.903570409878,108.491499949745,45.5806526434499,105.65408119157,73.3487139242072,45.9096379026896,64.3330682548114,12.6711123347623,50.8324488157565
61.247939720177,20.9995348986296,55.9605591573517,84.9353556325876,81.7623516148761,93.7408293376661,23.1236930426169,15.2735041775179,61.138106750858,93.268129181691,18.4283131468575,10.6073446451859,80.2005351910022,89.5002012426811,141.123408266072,14.658245051166,105.655725818089,110.302377788556,45.7440855953688,105.511532966578,65.0786993370556,45.251017488782,57.0795612137299,13.6721744460334,50.0303030973834
61.7050913888861,21.3071508973709,52.1431099643656,83.0978571068478,83.9713096084443,96.5148314378036,26.0072027633536,15.9714840176503,63.37613433301,94.297703496803,18.1207705637815,10.790177036212,75.7165726192233,78.6437883009896,138.203861409295,13.4412986315261,104.498369322463,113.566473378467,44.1360197874277,92.6139652148618,72.3660908249389,43.8237645160226,63.471224119694,4.0120101623182,51.3111834205948
62.7061029920363,18.980641058058,51.0067969955494,87.0337359822876,83.9805200688523,89.8498980314098,28.2831525649519,16.9775590794215,59.5869947394617,92.2564839966329,18.1943423185575,11.7685412673115,81.1806344463998,82.6028365046638,140.611710395601,13.8757883078554,102.136125857934,105.724020866344,46.6405939730166,103.759768673266,74.24101928139,46.706476529375,65.115696038948,4.0120101623182,51.9302341987896
61.2865853914866,20.2358781120637,55.2812999086434,90.6893908935581,85.6671030189,93.7337031609214,28.2831525649519,15.0276113225755,62.1364338272971,96.356587618096,18.472289624124,11.3179115582949,82.620584838083,96.6627197249217,141.44026614654,14.435762934936,103.960184533019,110.293992603093,43.9884495503711,107.486087668654,67.013275825752,46.157591357253,58.7763495366998,4.24206191700929,49.4292527188808
61.1634292787618,18.9952412733396,54.8367869906129,92.3796865095114,81.8393055514488,94.8260868659083,20.3068356619144,15.3451205116003,59.6659874187132,80.358341525284,18.8585365669081,10.2644730430404,75.4381080875125,88.4147747174424,141.659642155486,13.5371724992861,108.25544970343,111.579371887327,44.3053203272568,110.931135926403,60.0861348247255,46.3624082711233,52.7006569854953,4.0120101623182,46.9200767019703
56.1406617169492,19.7171215685232,61.1862908513032,75.4011598534423,20.0414055015044,74.5536571040971,21.9532465288491,64.1726644065882,66.5338533611815,92.9723201115356,17.8397315046511,12.3539432604156,83.033880384003,67.3147200484755,126.497223073534,14.7813808389515,95.9697482866101,97.8613376303332,50.0944592319899,114.2114569358,51.2833207922218,53.7705946214418,41.0120819870409,30.8322443311206,18.9299769639047
61.1797135209825,19.5957417895452,59.7016814178607,81.0684959509345,20.047810784881,75.7256614787277,40.9402962055678,60.6951703085244,71.6300916637239,91.0836571988299,18.3019336004614,10.1408612464781,85.2734714430574,90.0359997368595,129.721430451757,15.3007750694164,107.829325716888,99.3997452720914,49.5121395287632,107.609124298364,74.1914044254597,55.8211441215367,59.332038448886,50.0812344854652,19.0891950565221
59.7154550214427,20.9995348986296,59.1648760735157,83.6679912064258,19.3634767486964,76.9896307506495,24.447762027923,60.3669136473926,61.5005746316887,94.9939802892284,18.4283131468575,10.6073446451859,84.7928397617147,73.5067898851427,129.297049446959,14.658245051166,107.57697430785,101.058868760845,49.6896691306824,107.463938334049,65.8263770921404,55.0203330778068,52.6423939110861,54.0378268511996,18.7879639248629
60.1611682982565,21.3071508973709,55.1288386961034,81.8579109477587,19.8866161386785,79.2679271866861,27.4963823035794,63.1256053167815,63.7518707489336,96.0426060422498,18.1207705637815,10.790177036212,80.0521242672247,64.590384626484,126.622165110324,13.4412986315261,106.39857238944,104.049428116473,47.9429021574882,94.3277115485973,73.1974921418586,53.284948144927,58.5371910904607,15.8570468313109,19.2689750684036
61.1371335901007,18.980641058058,53.9274601360411,85.7350605362571,19.8887974181113,73.7939969306653,29.9026536130292,67.1020108404161,59.9402665834247,93.9636154302754,18.1943423185575,11.7685412673115,85.8290597684215,67.8419630633137,128.8282326456,13.8757883078554,103.993373783072,96.8641851953733,50.663504416237,105.679759062842,75.0939613222876,56.7900135322713,60.0538274609636,15.8570468313109,19.5014482490226
59.753133739411,20.2358781120637,58.4467222545267,89.3361675274728,20.2882246495078,76.9837779998246,29.9026536130292,59.3950480841077,62.5048204635325,98.1395881448382,18.472289624124,11.3179115582949,87.3514621131942,79.389388290647,129.58735414936,14.435762934936,105.85060122348,101.05118626683,47.7826034837374,109.475030569893,67.7831795905887,56.1226286497301,54.2072797893613,16.7663021173578,18.5622504646355
59.6330591157807,18.9952412733396,57.9767564052862,91.0012413672012,19.3817014662115,77.8809560883822,21.4696106235132,60.6499696511131,60.01972758449,81.8453074796574,18.8585365669081,10.2644730430404,79.7577147803,72.6153257496584,129.78834611111,13.5371724992861,110.223971689727,102.228848788687,48.1268054468045,112.983826652364,60.7764538823451,56.3716638194676,48.6038905242345,15.8570468313109,17.6199753719765
